sku_id,date,units_consumed
SKU-0001,2025-01-01,15
SKU-0001,2025-01-02,24
SKU-0001,2025-01-03,35
SKU-0001,2025-01-04,57
SKU-0001,2025-01-05,22
SKU-0001,2025-01-06,25
SKU-0001,2025-01-07,26
SKU-0001,2025-01-08,27
SKU-0001,2025-01-09,21
SKU-0001,2025-01-10,21
SKU-0001,2025-01-11,88
SKU-0001,2025-01-12,23
SKU-0001,2025-01-13,17
SKU-0001,2025-01-14,18
SKU-0001,2025-01-15,57
SKU-0001,2025-01-16,84
SKU-0001,2025-01-17,26
SKU-0001,2025-01-18,29
SKU-0001,2025-01-19,22
SKU-0001,2025-01-20,25
SKU-0001,2025-01-21,28
SKU-0001,2025-01-22,22
SKU-0001,2025-01-23,78
SKU-0001,2025-01-24,19
SKU-0001,2025-01-25,61
SKU-0001,2025-01-26,59
SKU-0001,2025-01-27,45
SKU-0001,2025-01-28,23
SKU-0001,2025-01-29,53
SKU-0001,2025-01-30,20
SKU-0001,2025-01-31,21
SKU-0001,2025-02-01,20
SKU-0001,2025-02-02,21
SKU-0001,2025-02-03,17
SKU-0001,2025-02-04,15
SKU-0001,2025-02-05,47
SKU-0001,2025-02-06,9
SKU-0001,2025-02-07,10
SKU-0001,2025-02-08,30
SKU-0001,2025-02-09,11
SKU-0001,2025-02-10,46
SKU-0001,2025-02-11,32
SKU-0001,2025-02-12,12
SKU-0001,2025-02-13,18
SKU-0001,2025-02-14,12
SKU-0001,2025-02-15,16
SKU-0001,2025-02-16,10
SKU-0001,2025-02-17,13
SKU-0001,2025-02-18,10
SKU-0001,2025-02-19,13
SKU-0001,2025-02-20,17
SKU-0001,2025-02-21,8
SKU-0001,2025-02-22,17
SKU-0001,2025-02-23,16
SKU-0001,2025-02-24,14
SKU-0001,2025-02-25,10
SKU-0001,2025-02-26,52
SKU-0001,2025-02-27,15
SKU-0001,2025-02-28,19
SKU-0001,2025-03-01,19
SKU-0001,2025-03-02,27
SKU-0001,2025-03-03,19
SKU-0001,2025-03-04,46
SKU-0001,2025-03-05,22
SKU-0001,2025-03-06,68
SKU-0001,2025-03-07,30
SKU-0001,2025-03-08,82
SKU-0001,2025-03-09,25
SKU-0001,2025-03-10,32
SKU-0001,2025-03-11,50
SKU-0001,2025-03-12,20
SKU-0001,2025-03-13,56
SKU-0001,2025-03-14,22
SKU-0001,2025-03-15,16
SKU-0001,2025-03-16,29
SKU-0001,2025-03-17,23
SKU-0001,2025-03-18,47
SKU-0001,2025-03-19,18
SKU-0001,2025-03-20,26
SKU-0001,2025-03-21,29
SKU-0001,2025-03-22,36
SKU-0001,2025-03-23,41
SKU-0001,2025-03-24,77
SKU-0001,2025-03-25,17
SKU-0001,2025-03-26,10
SKU-0001,2025-03-27,23
SKU-0001,2025-03-28,17
SKU-0001,2025-03-29,18
SKU-0001,2025-03-30,51
SKU-0001,2025-03-31,19
SKU-0001,2025-04-01,71
SKU-0001,2025-04-02,19
SKU-0001,2025-04-03,17
SKU-0001,2025-04-04,38
SKU-0001,2025-04-05,10
SKU-0001,2025-04-06,14
SKU-0001,2025-04-07,15
SKU-0001,2025-04-08,65
SKU-0001,2025-04-09,15
SKU-0001,2025-04-10,18
SKU-0001,2025-04-11,37
SKU-0001,2025-04-12,29
SKU-0001,2025-04-13,31
SKU-0001,2025-04-14,33
SKU-0001,2025-04-15,20
SKU-0001,2025-04-16,32
SKU-0001,2025-04-17,16
SKU-0001,2025-04-18,31
SKU-0001,2025-04-19,17
SKU-0001,2025-04-20,15
SKU-0001,2025-04-21,14
SKU-0001,2025-04-22,15
SKU-0001,2025-04-23,13
SKU-0001,2025-04-24,17
SKU-0001,2025-04-25,14
SKU-0001,2025-04-26,11
SKU-0001,2025-04-27,35
SKU-0001,2025-04-28,18
SKU-0001,2025-04-29,25
SKU-0001,2025-04-30,20
SKU-0001,2025-05-01,57
SKU-0001,2025-05-02,65
SKU-0001,2025-05-03,82
SKU-0001,2025-05-04,22
SKU-0001,2025-05-05,20
SKU-0001,2025-05-06,28
SKU-0001,2025-05-07,25
SKU-0001,2025-05-08,32
SKU-0001,2025-05-09,25
SKU-0001,2025-05-10,17
SKU-0001,2025-05-11,16
SKU-0001,2025-05-12,35
SKU-0001,2025-05-13,35
SKU-0001,2025-05-14,24
SKU-0001,2025-05-15,22
SKU-0001,2025-05-16,34
SKU-0001,2025-05-17,18
SKU-0001,2025-05-18,19
SKU-0001,2025-05-19,28
SKU-0001,2025-05-20,22
SKU-0001,2025-05-21,24
SKU-0001,2025-05-22,22
SKU-0001,2025-05-23,25
SKU-0001,2025-05-24,30
SKU-0001,2025-05-25,23
SKU-0001,2025-05-26,25
SKU-0001,2025-05-27,10
SKU-0001,2025-05-28,20
SKU-0001,2025-05-29,16
SKU-0001,2025-05-30,13
SKU-0001,2025-05-31,14
SKU-0001,2025-06-01,49
SKU-0001,2025-06-02,21
SKU-0001,2025-06-03,34
SKU-0001,2025-06-04,49
SKU-0001,2025-06-05,14
SKU-0001,2025-06-06,14
SKU-0001,2025-06-07,19
SKU-0001,2025-06-08,16
SKU-0001,2025-06-09,19
SKU-0001,2025-06-10,40
SKU-0001,2025-06-11,34
SKU-0001,2025-06-12,13
SKU-0001,2025-06-13,14
SKU-0001,2025-06-14,14
SKU-0001,2025-06-15,29
SKU-0001,2025-06-16,14
SKU-0001,2025-06-17,14
SKU-0001,2025-06-18,23
SKU-0001,2025-06-19,21
SKU-0001,2025-06-20,11
SKU-0001,2025-06-21,14
SKU-0001,2025-06-22,10
SKU-0001,2025-06-23,13
SKU-0001,2025-06-24,17
SKU-0001,2025-06-25,22
SKU-0001,2025-06-26,14
SKU-0001,2025-06-27,15
SKU-0001,2025-06-28,9
SKU-0001,2025-06-29,55
SKU-0002,2025-01-01,9
SKU-0002,2025-01-02,12
SKU-0002,2025-01-03,12
SKU-0002,2025-01-04,15
SKU-0002,2025-01-05,12
SKU-0002,2025-01-06,6
SKU-0002,2025-01-07,11
SKU-0002,2025-01-08,8
SKU-0002,2025-01-09,10
SKU-0002,2025-01-10,47
SKU-0002,2025-01-11,13
SKU-0002,2025-01-12,29
SKU-0002,2025-01-13,9
SKU-0002,2025-01-14,12
SKU-0002,2025-01-15,8
SKU-0002,2025-01-16,10
SKU-0002,2025-01-17,13
SKU-0002,2025-01-18,15
SKU-0002,2025-01-19,14
SKU-0002,2025-01-20,5
SKU-0002,2025-01-21,12
SKU-0002,2025-01-22,12
SKU-0002,2025-01-23,37
SKU-0002,2025-01-24,15
SKU-0002,2025-01-25,5
SKU-0002,2025-01-26,9
SKU-0002,2025-01-27,12
SKU-0002,2025-01-28,6
SKU-0002,2025-01-29,13
SKU-0002,2025-01-30,10
SKU-0002,2025-01-31,11
SKU-0002,2025-02-01,8
SKU-0002,2025-02-02,10
SKU-0002,2025-02-03,11
SKU-0002,2025-02-04,8
SKU-0002,2025-02-05,25
SKU-0002,2025-02-06,24
SKU-0002,2025-02-07,17
SKU-0002,2025-02-08,21
SKU-0002,2025-02-09,7
SKU-0002,2025-02-10,7
SKU-0002,2025-02-11,25
SKU-0002,2025-02-12,14
SKU-0002,2025-02-13,19
SKU-0002,2025-02-14,9
SKU-0002,2025-02-15,5
SKU-0002,2025-02-16,5
SKU-0002,2025-02-17,7
SKU-0002,2025-02-18,24
SKU-0002,2025-02-19,7
SKU-0002,2025-02-20,9
SKU-0002,2025-02-21,9
SKU-0002,2025-02-22,26
SKU-0002,2025-02-23,8
SKU-0002,2025-02-24,12
SKU-0002,2025-02-25,7
SKU-0002,2025-02-26,4
SKU-0002,2025-02-27,12
SKU-0002,2025-02-28,23
SKU-0002,2025-03-01,9
SKU-0002,2025-03-02,12
SKU-0002,2025-03-03,6
SKU-0002,2025-03-04,7
SKU-0002,2025-03-05,18
SKU-0002,2025-03-06,25
SKU-0002,2025-03-07,12
SKU-0002,2025-03-08,12
SKU-0002,2025-03-09,12
SKU-0002,2025-03-10,7
SKU-0002,2025-03-11,5
SKU-0002,2025-03-12,12
SKU-0002,2025-03-13,10
SKU-0002,2025-03-14,40
SKU-0002,2025-03-15,14
SKU-0002,2025-03-16,12
SKU-0002,2025-03-17,14
SKU-0002,2025-03-18,13
SKU-0002,2025-03-19,13
SKU-0002,2025-03-20,10
SKU-0002,2025-03-21,11
SKU-0002,2025-03-22,36
SKU-0002,2025-03-23,41
SKU-0002,2025-03-24,30
SKU-0002,2025-03-25,12
SKU-0002,2025-03-26,10
SKU-0002,2025-03-27,10
SKU-0002,2025-03-28,12
SKU-0002,2025-03-29,5
SKU-0002,2025-03-30,7
SKU-0002,2025-03-31,6
SKU-0002,2025-04-01,4
SKU-0002,2025-04-02,7
SKU-0002,2025-04-03,10
SKU-0002,2025-04-04,8
SKU-0002,2025-04-05,8
SKU-0002,2025-04-06,10
SKU-0002,2025-04-07,30
SKU-0002,2025-04-08,7
SKU-0002,2025-04-09,28
SKU-0002,2025-04-10,21
SKU-0002,2025-04-11,5
SKU-0002,2025-04-12,6
SKU-0002,2025-04-13,4
SKU-0002,2025-04-14,5
SKU-0002,2025-04-15,6
SKU-0002,2025-04-16,23
SKU-0002,2025-04-17,9
SKU-0002,2025-04-18,4
SKU-0002,2025-04-19,7
SKU-0002,2025-04-20,15
SKU-0002,2025-04-21,8
SKU-0002,2025-04-22,7
SKU-0002,2025-04-23,4
SKU-0002,2025-04-24,28
SKU-0002,2025-04-25,7
SKU-0002,2025-04-26,7
SKU-0002,2025-04-27,6
SKU-0002,2025-04-28,7
SKU-0002,2025-04-29,29
SKU-0002,2025-04-30,9
SKU-0002,2025-05-01,10
SKU-0002,2025-05-02,11
SKU-0002,2025-05-03,13
SKU-0002,2025-05-04,9
SKU-0002,2025-05-05,20
SKU-0002,2025-05-06,41
SKU-0002,2025-05-07,10
SKU-0002,2025-05-08,14
SKU-0002,2025-05-09,12
SKU-0002,2025-05-10,11
SKU-0002,2025-05-11,13
SKU-0002,2025-05-12,18
SKU-0002,2025-05-13,18
SKU-0002,2025-05-14,12
SKU-0002,2025-05-15,12
SKU-0002,2025-05-16,15
SKU-0002,2025-05-17,9
SKU-0002,2025-05-18,38
SKU-0002,2025-05-19,12
SKU-0002,2025-05-20,13
SKU-0002,2025-05-21,9
SKU-0002,2025-05-22,7
SKU-0002,2025-05-23,5
SKU-0002,2025-05-24,8
SKU-0002,2025-05-25,9
SKU-0002,2025-05-26,10
SKU-0002,2025-05-27,15
SKU-0002,2025-05-28,13
SKU-0002,2025-05-29,7
SKU-0002,2025-05-30,10
SKU-0002,2025-05-31,8
SKU-0002,2025-06-01,8
SKU-0002,2025-06-02,9
SKU-0002,2025-06-03,28
SKU-0002,2025-06-04,22
SKU-0002,2025-06-05,10
SKU-0002,2025-06-06,16
SKU-0002,2025-06-07,7
SKU-0002,2025-06-08,35
SKU-0002,2025-06-09,7
SKU-0002,2025-06-10,9
SKU-0002,2025-06-11,20
SKU-0002,2025-06-12,7
SKU-0002,2025-06-13,6
SKU-0002,2025-06-14,6
SKU-0002,2025-06-15,16
SKU-0002,2025-06-16,7
SKU-0002,2025-06-17,5
SKU-0002,2025-06-18,8
SKU-0002,2025-06-19,26
SKU-0002,2025-06-20,8
SKU-0002,2025-06-21,7
SKU-0002,2025-06-22,8
SKU-0002,2025-06-23,7
SKU-0002,2025-06-24,29
SKU-0002,2025-06-25,4
SKU-0002,2025-06-26,8
SKU-0002,2025-06-27,4
SKU-0002,2025-06-28,17
SKU-0002,2025-06-29,12
SKU-0003,2025-01-01,102
SKU-0003,2025-01-02,17
SKU-0003,2025-01-03,27
SKU-0003,2025-01-04,39
SKU-0003,2025-01-05,48
SKU-0003,2025-01-06,19
SKU-0003,2025-01-07,26
SKU-0003,2025-01-08,76
SKU-0003,2025-01-09,36
SKU-0003,2025-01-10,32
SKU-0003,2025-01-11,17
SKU-0003,2025-01-12,35
SKU-0003,2025-01-13,27
SKU-0003,2025-01-14,41
SKU-0003,2025-01-15,27
SKU-0003,2025-01-16,27
SKU-0003,2025-01-17,36
SKU-0003,2025-01-18,37
SKU-0003,2025-01-19,35
SKU-0003,2025-01-20,18
SKU-0003,2025-01-21,35
SKU-0003,2025-01-22,67
SKU-0003,2025-01-23,31
SKU-0003,2025-01-24,19
SKU-0003,2025-01-25,95
SKU-0003,2025-01-26,22
SKU-0003,2025-01-27,18
SKU-0003,2025-01-28,93
SKU-0003,2025-01-29,27
SKU-0003,2025-01-30,21
SKU-0003,2025-01-31,33
SKU-0003,2025-02-01,21
SKU-0003,2025-02-02,23
SKU-0003,2025-02-03,70
SKU-0003,2025-02-04,18
SKU-0003,2025-02-05,69
SKU-0003,2025-02-06,17
SKU-0003,2025-02-07,17
SKU-0003,2025-02-08,25
SKU-0003,2025-02-09,14
SKU-0003,2025-02-10,7
SKU-0003,2025-02-11,25
SKU-0003,2025-02-12,28
SKU-0003,2025-02-13,15
SKU-0003,2025-02-14,9
SKU-0003,2025-02-15,16
SKU-0003,2025-02-16,16
SKU-0003,2025-02-17,16
SKU-0003,2025-02-18,13
SKU-0003,2025-02-19,20
SKU-0003,2025-02-20,61
SKU-0003,2025-02-21,35
SKU-0003,2025-02-22,22
SKU-0003,2025-02-23,30
SKU-0003,2025-02-24,21
SKU-0003,2025-02-25,19
SKU-0003,2025-02-26,21
SKU-0003,2025-02-27,26
SKU-0003,2025-02-28,39
SKU-0003,2025-03-01,74
SKU-0003,2025-03-02,66
SKU-0003,2025-03-03,37
SKU-0003,2025-03-04,25
SKU-0003,2025-03-05,38
SKU-0003,2025-03-06,20
SKU-0003,2025-03-07,32
SKU-0003,2025-03-08,31
SKU-0003,2025-03-09,23
SKU-0003,2025-03-10,31
SKU-0003,2025-03-11,40
SKU-0003,2025-03-12,28
SKU-0003,2025-03-13,18
SKU-0003,2025-03-14,31
SKU-0003,2025-03-15,24
SKU-0003,2025-03-16,29
SKU-0003,2025-03-17,31
SKU-0003,2025-03-18,18
SKU-0003,2025-03-19,56
SKU-0003,2025-03-20,35
SKU-0003,2025-03-21,27
SKU-0003,2025-03-22,33
SKU-0003,2025-03-23,36
SKU-0003,2025-03-24,94
SKU-0003,2025-03-25,24
SKU-0003,2025-03-26,19
SKU-0003,2025-03-27,33
SKU-0003,2025-03-28,29
SKU-0003,2025-03-29,42
SKU-0003,2025-03-30,28
SKU-0003,2025-03-31,27
SKU-0003,2025-04-01,69
SKU-0003,2025-04-02,28
SKU-0003,2025-04-03,26
SKU-0003,2025-04-04,85
SKU-0003,2025-04-05,18
SKU-0003,2025-04-06,18
SKU-0003,2025-04-07,17
SKU-0003,2025-04-08,23
SKU-0003,2025-04-09,26
SKU-0003,2025-04-10,16
SKU-0003,2025-04-11,16
SKU-0003,2025-04-12,57
SKU-0003,2025-04-13,16
SKU-0003,2025-04-14,21
SKU-0003,2025-04-15,7
SKU-0003,2025-04-16,13
SKU-0003,2025-04-17,41
SKU-0003,2025-04-18,22
SKU-0003,2025-04-19,40
SKU-0003,2025-04-20,41
SKU-0003,2025-04-21,17
SKU-0003,2025-04-22,24
SKU-0003,2025-04-23,18
SKU-0003,2025-04-24,15
SKU-0003,2025-04-25,60
SKU-0003,2025-04-26,27
SKU-0003,2025-04-27,16
SKU-0003,2025-04-28,52
SKU-0003,2025-04-29,27
SKU-0003,2025-04-30,23
SKU-0003,2025-05-01,29
SKU-0003,2025-05-02,25
SKU-0003,2025-05-03,31
SKU-0003,2025-05-04,20
SKU-0003,2025-05-05,28
SKU-0003,2025-05-06,27
SKU-0003,2025-05-07,20
SKU-0003,2025-05-08,18
SKU-0003,2025-05-09,106
SKU-0003,2025-05-10,28
SKU-0003,2025-05-11,23
SKU-0003,2025-05-12,30
SKU-0003,2025-05-13,40
SKU-0003,2025-05-14,41
SKU-0003,2025-05-15,20
SKU-0003,2025-05-16,73
SKU-0003,2025-05-17,129
SKU-0003,2025-05-18,33
SKU-0003,2025-05-19,37
SKU-0003,2025-05-20,22
SKU-0003,2025-05-21,22
SKU-0003,2025-05-22,33
SKU-0003,2025-05-23,30
SKU-0003,2025-05-24,33
SKU-0003,2025-05-25,27
SKU-0003,2025-05-26,29
SKU-0003,2025-05-27,28
SKU-0003,2025-05-28,93
SKU-0003,2025-05-29,91
SKU-0003,2025-05-30,15
SKU-0003,2025-05-31,31
SKU-0003,2025-06-01,29
SKU-0003,2025-06-02,86
SKU-0003,2025-06-03,48
SKU-0003,2025-06-04,11
SKU-0003,2025-06-05,21
SKU-0003,2025-06-06,24
SKU-0003,2025-06-07,27
SKU-0003,2025-06-08,21
SKU-0003,2025-06-09,16
SKU-0003,2025-06-10,14
SKU-0003,2025-06-11,17
SKU-0003,2025-06-12,16
SKU-0003,2025-06-13,13
SKU-0003,2025-06-14,26
SKU-0003,2025-06-15,25
SKU-0003,2025-06-16,22
SKU-0003,2025-06-17,40
SKU-0003,2025-06-18,21
SKU-0003,2025-06-19,21
SKU-0003,2025-06-20,20
SKU-0003,2025-06-21,25
SKU-0003,2025-06-22,22
SKU-0003,2025-06-23,24
SKU-0003,2025-06-24,24
SKU-0003,2025-06-25,23
SKU-0003,2025-06-26,12
SKU-0003,2025-06-27,23
SKU-0003,2025-06-28,20
SKU-0003,2025-06-29,17
SKU-0004,2025-01-01,25
SKU-0004,2025-01-02,12
SKU-0004,2025-01-03,28
SKU-0004,2025-01-04,55
SKU-0004,2025-01-05,48
SKU-0004,2025-01-06,76
SKU-0004,2025-01-07,27
SKU-0004,2025-01-08,22
SKU-0004,2025-01-09,99
SKU-0004,2025-01-10,18
SKU-0004,2025-01-11,25
SKU-0004,2025-01-12,24
SKU-0004,2025-01-13,28
SKU-0004,2025-01-14,31
SKU-0004,2025-01-15,65
SKU-0004,2025-01-16,34
SKU-0004,2025-01-17,89
SKU-0004,2025-01-18,15
SKU-0004,2025-01-19,15
SKU-0004,2025-01-20,85
SKU-0004,2025-01-21,80
SKU-0004,2025-01-22,81
SKU-0004,2025-01-23,27
SKU-0004,2025-01-24,85
SKU-0004,2025-01-25,97
SKU-0004,2025-01-26,56
SKU-0004,2025-01-27,18
SKU-0004,2025-01-28,18
SKU-0004,2025-01-29,76
SKU-0004,2025-01-30,30
SKU-0004,2025-01-31,20
SKU-0004,2025-02-01,8
SKU-0004,2025-02-02,12
SKU-0004,2025-02-03,16
SKU-0004,2025-02-04,17
SKU-0004,2025-02-05,17
SKU-0004,2025-02-06,18
SKU-0004,2025-02-07,16
SKU-0004,2025-02-08,22
SKU-0004,2025-02-09,14
SKU-0004,2025-02-10,13
SKU-0004,2025-02-11,18
SKU-0004,2025-02-12,10
SKU-0004,2025-02-13,17
SKU-0004,2025-02-14,16
SKU-0004,2025-02-15,15
SKU-0004,2025-02-16,22
SKU-0004,2025-02-17,13
SKU-0004,2025-02-18,24
SKU-0004,2025-02-19,15
SKU-0004,2025-02-20,11
SKU-0004,2025-02-21,52
SKU-0004,2025-02-22,13
SKU-0004,2025-02-23,44
SKU-0004,2025-02-24,20
SKU-0004,2025-02-25,22
SKU-0004,2025-02-26,17
SKU-0004,2025-02-27,26
SKU-0004,2025-02-28,27
SKU-0004,2025-03-01,30
SKU-0004,2025-03-02,26
SKU-0004,2025-03-03,31
SKU-0004,2025-03-04,13
SKU-0004,2025-03-05,68
SKU-0004,2025-03-06,20
SKU-0004,2025-03-07,27
SKU-0004,2025-03-08,23
SKU-0004,2025-03-09,26
SKU-0004,2025-03-10,41
SKU-0004,2025-03-11,27
SKU-0004,2025-03-12,31
SKU-0004,2025-03-13,27
SKU-0004,2025-03-14,29
SKU-0004,2025-03-15,87
SKU-0004,2025-03-16,32
SKU-0004,2025-03-17,38
SKU-0004,2025-03-18,123
SKU-0004,2025-03-19,31
SKU-0004,2025-03-20,33
SKU-0004,2025-03-21,20
SKU-0004,2025-03-22,27
SKU-0004,2025-03-23,34
SKU-0004,2025-03-24,99
SKU-0004,2025-03-25,84
SKU-0004,2025-03-26,32
SKU-0004,2025-03-27,86
SKU-0004,2025-03-28,32
SKU-0004,2025-03-29,26
SKU-0004,2025-03-30,64
SKU-0004,2025-03-31,25
SKU-0004,2025-04-01,6
SKU-0004,2025-04-02,23
SKU-0004,2025-04-03,2
SKU-0004,2025-04-04,11
SKU-0004,2025-04-05,21
SKU-0004,2025-04-06,63
SKU-0004,2025-04-07,13
SKU-0004,2025-04-08,14
SKU-0004,2025-04-09,23
SKU-0004,2025-04-10,15
SKU-0004,2025-04-11,26
SKU-0004,2025-04-12,48
SKU-0004,2025-04-13,18
SKU-0004,2025-04-14,22
SKU-0004,2025-04-15,16
SKU-0004,2025-04-16,12
SKU-0004,2025-04-17,15
SKU-0004,2025-04-18,16
SKU-0004,2025-04-19,11
SKU-0004,2025-04-20,15
SKU-0004,2025-04-21,14
SKU-0004,2025-04-22,21
SKU-0004,2025-04-23,18
SKU-0004,2025-04-24,17
SKU-0004,2025-04-25,18
SKU-0004,2025-04-26,62
SKU-0004,2025-04-27,23
SKU-0004,2025-04-28,47
SKU-0004,2025-04-29,16
SKU-0004,2025-04-30,28
SKU-0004,2025-05-01,20
SKU-0004,2025-05-02,15
SKU-0004,2025-05-03,27
SKU-0004,2025-05-04,28
SKU-0004,2025-05-05,16
SKU-0004,2025-05-06,83
SKU-0004,2025-05-07,32
SKU-0004,2025-05-08,30
SKU-0004,2025-05-09,32
SKU-0004,2025-05-10,18
SKU-0004,2025-05-11,31
SKU-0004,2025-05-12,27
SKU-0004,2025-05-13,25
SKU-0004,2025-05-14,35
SKU-0004,2025-05-15,40
SKU-0004,2025-05-16,42
SKU-0004,2025-05-17,39
SKU-0004,2025-05-18,28
SKU-0004,2025-05-19,31
SKU-0004,2025-05-20,34
SKU-0004,2025-05-21,29
SKU-0004,2025-05-22,85
SKU-0004,2025-05-23,98
SKU-0004,2025-05-24,78
SKU-0004,2025-05-25,63
SKU-0004,2025-05-26,23
SKU-0004,2025-05-27,28
SKU-0004,2025-05-28,24
SKU-0004,2025-05-29,25
SKU-0004,2025-05-30,26
SKU-0004,2025-05-31,20
SKU-0004,2025-06-01,75
SKU-0004,2025-06-02,22
SKU-0004,2025-06-03,14
SKU-0004,2025-06-04,26
SKU-0004,2025-06-05,49
SKU-0004,2025-06-06,11
SKU-0004,2025-06-07,13
SKU-0004,2025-06-08,13
SKU-0004,2025-06-09,50
SKU-0004,2025-06-10,45
SKU-0004,2025-06-11,15
SKU-0004,2025-06-12,18
SKU-0004,2025-06-13,17
SKU-0004,2025-06-14,17
SKU-0004,2025-06-15,17
SKU-0004,2025-06-16,18
SKU-0004,2025-06-17,8
SKU-0004,2025-06-18,15
SKU-0004,2025-06-19,8
SKU-0004,2025-06-20,17
SKU-0004,2025-06-21,17
SKU-0004,2025-06-22,23
SKU-0004,2025-06-23,24
SKU-0004,2025-06-24,60
SKU-0004,2025-06-25,17
SKU-0004,2025-06-26,23
SKU-0004,2025-06-27,18
SKU-0004,2025-06-28,22
SKU-0004,2025-06-29,28
SKU-0005,2025-01-01,28
SKU-0005,2025-01-02,20
SKU-0005,2025-01-03,59
SKU-0005,2025-01-04,10
SKU-0005,2025-01-05,51
SKU-0005,2025-01-06,21
SKU-0005,2025-01-07,19
SKU-0005,2025-01-08,32
SKU-0005,2025-01-09,23
SKU-0005,2025-01-10,32
SKU-0005,2025-01-11,75
SKU-0005,2025-01-12,25
SKU-0005,2025-01-13,25
SKU-0005,2025-01-14,76
SKU-0005,2025-01-15,36
SKU-0005,2025-01-16,11
SKU-0005,2025-01-17,13
SKU-0005,2025-01-18,22
SKU-0005,2025-01-19,25
SKU-0005,2025-01-20,88
SKU-0005,2025-01-21,28
SKU-0005,2025-01-22,22
SKU-0005,2025-01-23,90
SKU-0005,2025-01-24,29
SKU-0005,2025-01-25,24
SKU-0005,2025-01-26,28
SKU-0005,2025-01-27,23
SKU-0005,2025-01-28,18
SKU-0005,2025-01-29,24
SKU-0005,2025-01-30,21
SKU-0005,2025-01-31,19
SKU-0005,2025-02-01,26
SKU-0005,2025-02-02,7
SKU-0005,2025-02-03,11
SKU-0005,2025-02-04,12
SKU-0005,2025-02-05,15
SKU-0005,2025-02-06,15
SKU-0005,2025-02-07,10
SKU-0005,2025-02-08,11
SKU-0005,2025-02-09,12
SKU-0005,2025-02-10,70
SKU-0005,2025-02-11,21
SKU-0005,2025-02-12,38
SKU-0005,2025-02-13,13
SKU-0005,2025-02-14,10
SKU-0005,2025-02-15,7
SKU-0005,2025-02-16,13
SKU-0005,2025-02-17,10
SKU-0005,2025-02-18,14
SKU-0005,2025-02-19,9
SKU-0005,2025-02-20,12
SKU-0005,2025-02-21,15
SKU-0005,2025-02-22,17
SKU-0005,2025-02-23,52
SKU-0005,2025-02-24,11
SKU-0005,2025-02-25,20
SKU-0005,2025-02-26,14
SKU-0005,2025-02-27,62
SKU-0005,2025-02-28,18
SKU-0005,2025-03-01,38
SKU-0005,2025-03-02,18
SKU-0005,2025-03-03,22
SKU-0005,2025-03-04,24
SKU-0005,2025-03-05,21
SKU-0005,2025-03-06,92
SKU-0005,2025-03-07,85
SKU-0005,2025-03-08,65
SKU-0005,2025-03-09,28
SKU-0005,2025-03-10,36
SKU-0005,2025-03-11,36
SKU-0005,2025-03-12,17
SKU-0005,2025-03-13,19
SKU-0005,2025-03-14,35
SKU-0005,2025-03-15,19
SKU-0005,2025-03-16,17
SKU-0005,2025-03-17,22
SKU-0005,2025-03-18,28
SKU-0005,2025-03-19,74
SKU-0005,2025-03-20,21
SKU-0005,2025-03-21,62
SKU-0005,2025-03-22,20
SKU-0005,2025-03-23,19
SKU-0005,2025-03-24,37
SKU-0005,2025-03-25,25
SKU-0005,2025-03-26,28
SKU-0005,2025-03-27,20
SKU-0005,2025-03-28,21
SKU-0005,2025-03-29,52
SKU-0005,2025-03-30,7
SKU-0005,2025-03-31,13
SKU-0005,2025-04-01,11
SKU-0005,2025-04-02,24
SKU-0005,2025-04-03,13
SKU-0005,2025-04-04,70
SKU-0005,2025-04-05,50
SKU-0005,2025-04-06,22
SKU-0005,2025-04-07,17
SKU-0005,2025-04-08,18
SKU-0005,2025-04-09,12
SKU-0005,2025-04-10,50
SKU-0005,2025-04-11,51
SKU-0005,2025-04-12,12
SKU-0005,2025-04-13,16
SKU-0005,2025-04-14,16
SKU-0005,2025-04-15,12
SKU-0005,2025-04-16,30
SKU-0005,2025-04-17,29
SKU-0005,2025-04-18,14
SKU-0005,2025-04-19,15
SKU-0005,2025-04-20,12
SKU-0005,2025-04-21,15
SKU-0005,2025-04-22,17
SKU-0005,2025-04-23,54
SKU-0005,2025-04-24,22
SKU-0005,2025-04-25,22
SKU-0005,2025-04-26,38
SKU-0005,2025-04-27,25
SKU-0005,2025-04-28,16
SKU-0005,2025-04-29,24
SKU-0005,2025-04-30,20
SKU-0005,2025-05-01,18
SKU-0005,2025-05-02,11
SKU-0005,2025-05-03,20
SKU-0005,2025-05-04,40
SKU-0005,2025-05-05,28
SKU-0005,2025-05-06,32
SKU-0005,2025-05-07,19
SKU-0005,2025-05-08,77
SKU-0005,2025-05-09,20
SKU-0005,2025-05-10,21
SKU-0005,2025-05-11,30
SKU-0005,2025-05-12,75
SKU-0005,2025-05-13,36
SKU-0005,2025-05-14,67
SKU-0005,2025-05-15,32
SKU-0005,2025-05-16,78
SKU-0005,2025-05-17,30
SKU-0005,2025-05-18,67
SKU-0005,2025-05-19,25
SKU-0005,2025-05-20,24
SKU-0005,2025-05-21,58
SKU-0005,2025-05-22,28
SKU-0005,2025-05-23,27
SKU-0005,2025-05-24,27
SKU-0005,2025-05-25,31
SKU-0005,2025-05-26,30
SKU-0005,2025-05-27,58
SKU-0005,2025-05-28,69
SKU-0005,2025-05-29,17
SKU-0005,2025-05-30,59
SKU-0005,2025-05-31,16
SKU-0005,2025-06-01,26
SKU-0005,2025-06-02,19
SKU-0005,2025-06-03,16
SKU-0005,2025-06-04,22
SKU-0005,2025-06-05,7
SKU-0005,2025-06-06,23
SKU-0005,2025-06-07,18
SKU-0005,2025-06-08,15
SKU-0005,2025-06-09,15
SKU-0005,2025-06-10,10
SKU-0005,2025-06-11,14
SKU-0005,2025-06-12,21
SKU-0005,2025-06-13,17
SKU-0005,2025-06-14,14
SKU-0005,2025-06-15,12
SKU-0005,2025-06-16,12
SKU-0005,2025-06-17,7
SKU-0005,2025-06-18,15
SKU-0005,2025-06-19,18
SKU-0005,2025-06-20,9
SKU-0005,2025-06-21,38
SKU-0005,2025-06-22,33
SKU-0005,2025-06-23,12
SKU-0005,2025-06-24,17
SKU-0005,2025-06-25,8
SKU-0005,2025-06-26,20
SKU-0005,2025-06-27,22
SKU-0005,2025-06-28,53
SKU-0005,2025-06-29,7
SKU-0006,2025-01-01,23
SKU-0006,2025-01-02,6
SKU-0006,2025-01-03,5
SKU-0006,2025-01-04,7
SKU-0006,2025-01-05,4
SKU-0006,2025-01-06,8
SKU-0006,2025-01-07,6
SKU-0006,2025-01-08,18
SKU-0006,2025-01-09,17
SKU-0006,2025-01-10,6
SKU-0006,2025-01-11,8
SKU-0006,2025-01-12,7
SKU-0006,2025-01-13,24
SKU-0006,2025-01-14,7
SKU-0006,2025-01-15,8
SKU-0006,2025-01-16,18
SKU-0006,2025-01-17,11
SKU-0006,2025-01-18,4
SKU-0006,2025-01-19,9
SKU-0006,2025-01-20,9
SKU-0006,2025-01-21,5
SKU-0006,2025-01-22,10
SKU-0006,2025-01-23,8
SKU-0006,2025-01-24,8
SKU-0006,2025-01-25,6
SKU-0006,2025-01-26,6
SKU-0006,2025-01-27,6
SKU-0006,2025-01-28,6
SKU-0006,2025-01-29,8
SKU-0006,2025-01-30,6
SKU-0006,2025-01-31,4
SKU-0006,2025-02-01,6
SKU-0006,2025-02-02,6
SKU-0006,2025-02-03,17
SKU-0006,2025-02-04,5
SKU-0006,2025-02-05,4
SKU-0006,2025-02-06,3
SKU-0006,2025-02-07,3
SKU-0006,2025-02-08,2
SKU-0006,2025-02-09,13
SKU-0006,2025-02-10,4
SKU-0006,2025-02-11,3
SKU-0006,2025-02-12,1
SKU-0006,2025-02-13,3
SKU-0006,2025-02-14,5
SKU-0006,2025-02-15,9
SKU-0006,2025-02-16,4
SKU-0006,2025-02-17,2
SKU-0006,2025-02-18,15
SKU-0006,2025-02-19,4
SKU-0006,2025-02-20,4
SKU-0006,2025-02-21,6
SKU-0006,2025-02-22,17
SKU-0006,2025-02-23,4
SKU-0006,2025-02-24,4
SKU-0006,2025-02-25,4
SKU-0006,2025-02-26,5
SKU-0006,2025-02-27,5
SKU-0006,2025-02-28,5
SKU-0006,2025-03-01,7
SKU-0006,2025-03-02,5
SKU-0006,2025-03-03,9
SKU-0006,2025-03-04,6
SKU-0006,2025-03-05,8
SKU-0006,2025-03-06,6
SKU-0006,2025-03-07,8
SKU-0006,2025-03-08,5
SKU-0006,2025-03-09,15
SKU-0006,2025-03-10,7
SKU-0006,2025-03-11,25
SKU-0006,2025-03-12,7
SKU-0006,2025-03-13,5
SKU-0006,2025-03-14,4
SKU-0006,2025-03-15,4
SKU-0006,2025-03-16,4
SKU-0006,2025-03-17,7
SKU-0006,2025-03-18,9
SKU-0006,2025-03-19,7
SKU-0006,2025-03-20,3
SKU-0006,2025-03-21,19
SKU-0006,2025-03-22,6
SKU-0006,2025-03-23,10
SKU-0006,2025-03-24,12
SKU-0006,2025-03-25,6
SKU-0006,2025-03-26,9
SKU-0006,2025-03-27,20
SKU-0006,2025-03-28,7
SKU-0006,2025-03-29,6
SKU-0006,2025-03-30,6
SKU-0006,2025-03-31,6
SKU-0006,2025-04-01,4
SKU-0006,2025-04-02,6
SKU-0006,2025-04-03,3
SKU-0006,2025-04-04,5
SKU-0006,2025-04-05,5
SKU-0006,2025-04-06,4
SKU-0006,2025-04-07,4
SKU-0006,2025-04-08,4
SKU-0006,2025-04-09,3
SKU-0006,2025-04-10,11
SKU-0006,2025-04-11,3
SKU-0006,2025-04-12,12
SKU-0006,2025-04-13,3
SKU-0006,2025-04-14,13
SKU-0006,2025-04-15,3
SKU-0006,2025-04-16,3
SKU-0006,2025-04-17,3
SKU-0006,2025-04-18,5
SKU-0006,2025-04-19,12
SKU-0006,2025-04-20,11
SKU-0006,2025-04-21,4
SKU-0006,2025-04-22,2
SKU-0006,2025-04-23,4
SKU-0006,2025-04-24,6
SKU-0006,2025-04-25,5
SKU-0006,2025-04-26,5
SKU-0006,2025-04-27,5
SKU-0006,2025-04-28,6
SKU-0006,2025-04-29,3
SKU-0006,2025-04-30,3
SKU-0006,2025-05-01,6
SKU-0006,2025-05-02,14
SKU-0006,2025-05-03,8
SKU-0006,2025-05-04,5
SKU-0006,2025-05-05,9
SKU-0006,2025-05-06,4
SKU-0006,2025-05-07,2
SKU-0006,2025-05-08,18
SKU-0006,2025-05-09,6
SKU-0006,2025-05-10,6
SKU-0006,2025-05-11,26
SKU-0006,2025-05-12,9
SKU-0006,2025-05-13,7
SKU-0006,2025-05-14,10
SKU-0006,2025-05-15,8
SKU-0006,2025-05-16,8
SKU-0006,2025-05-17,7
SKU-0006,2025-05-18,8
SKU-0006,2025-05-19,5
SKU-0006,2025-05-20,10
SKU-0006,2025-05-21,15
SKU-0006,2025-05-22,8
SKU-0006,2025-05-23,4
SKU-0006,2025-05-24,5
SKU-0006,2025-05-25,8
SKU-0006,2025-05-26,6
SKU-0006,2025-05-27,7
SKU-0006,2025-05-28,6
SKU-0006,2025-05-29,16
SKU-0006,2025-05-30,7
SKU-0006,2025-05-31,14
SKU-0006,2025-06-01,3
SKU-0006,2025-06-02,12
SKU-0006,2025-06-03,16
SKU-0006,2025-06-04,5
SKU-0006,2025-06-05,3
SKU-0006,2025-06-06,3
SKU-0006,2025-06-07,4
SKU-0006,2025-06-08,4
SKU-0006,2025-06-09,3
SKU-0006,2025-06-10,3
SKU-0006,2025-06-11,3
SKU-0006,2025-06-12,4
SKU-0006,2025-06-13,4
SKU-0006,2025-06-14,4
SKU-0006,2025-06-15,3
SKU-0006,2025-06-16,4
SKU-0006,2025-06-17,9
SKU-0006,2025-06-18,3
SKU-0006,2025-06-19,3
SKU-0006,2025-06-20,10
SKU-0006,2025-06-21,9
SKU-0006,2025-06-22,4
SKU-0006,2025-06-23,15
SKU-0006,2025-06-24,3
SKU-0006,2025-06-25,5
SKU-0006,2025-06-26,5
SKU-0006,2025-06-27,5
SKU-0006,2025-06-28,5
SKU-0006,2025-06-29,3
SKU-0007,2025-01-01,46
SKU-0007,2025-01-02,10
SKU-0007,2025-01-03,13
SKU-0007,2025-01-04,13
SKU-0007,2025-01-05,14
SKU-0007,2025-01-06,11
SKU-0007,2025-01-07,41
SKU-0007,2025-01-08,9
SKU-0007,2025-01-09,15
SKU-0007,2025-01-10,17
SKU-0007,2025-01-11,43
SKU-0007,2025-01-12,9
SKU-0007,2025-01-13,19
SKU-0007,2025-01-14,17
SKU-0007,2025-01-15,13
SKU-0007,2025-01-16,14
SKU-0007,2025-01-17,29
SKU-0007,2025-01-18,11
SKU-0007,2025-01-19,13
SKU-0007,2025-01-20,20
SKU-0007,2025-01-21,13
SKU-0007,2025-01-22,17
SKU-0007,2025-01-23,38
SKU-0007,2025-01-24,15
SKU-0007,2025-01-25,40
SKU-0007,2025-01-26,17
SKU-0007,2025-01-27,12
SKU-0007,2025-01-28,24
SKU-0007,2025-01-29,8
SKU-0007,2025-01-30,11
SKU-0007,2025-01-31,8
SKU-0007,2025-02-01,13
SKU-0007,2025-02-02,10
SKU-0007,2025-02-03,17
SKU-0007,2025-02-04,6
SKU-0007,2025-02-05,11
SKU-0007,2025-02-06,7
SKU-0007,2025-02-07,8
SKU-0007,2025-02-08,10
SKU-0007,2025-02-09,11
SKU-0007,2025-02-10,9
SKU-0007,2025-02-11,38
SKU-0007,2025-02-12,8
SKU-0007,2025-02-13,9
SKU-0007,2025-02-14,11
SKU-0007,2025-02-15,8
SKU-0007,2025-02-16,7
SKU-0007,2025-02-17,11
SKU-0007,2025-02-18,10
SKU-0007,2025-02-19,8
SKU-0007,2025-02-20,7
SKU-0007,2025-02-21,9
SKU-0007,2025-02-22,24
SKU-0007,2025-02-23,8
SKU-0007,2025-02-24,34
SKU-0007,2025-02-25,7
SKU-0007,2025-02-26,13
SKU-0007,2025-02-27,7
SKU-0007,2025-02-28,9
SKU-0007,2025-03-01,17
SKU-0007,2025-03-02,46
SKU-0007,2025-03-03,38
SKU-0007,2025-03-04,29
SKU-0007,2025-03-05,11
SKU-0007,2025-03-06,14
SKU-0007,2025-03-07,14
SKU-0007,2025-03-08,41
SKU-0007,2025-03-09,14
SKU-0007,2025-03-10,14
SKU-0007,2025-03-11,10
SKU-0007,2025-03-12,13
SKU-0007,2025-03-13,19
SKU-0007,2025-03-14,10
SKU-0007,2025-03-15,15
SKU-0007,2025-03-16,12
SKU-0007,2025-03-17,16
SKU-0007,2025-03-18,14
SKU-0007,2025-03-19,21
SKU-0007,2025-03-20,17
SKU-0007,2025-03-21,10
SKU-0007,2025-03-22,17
SKU-0007,2025-03-23,12
SKU-0007,2025-03-24,12
SKU-0007,2025-03-25,15
SKU-0007,2025-03-26,12
SKU-0007,2025-03-27,17
SKU-0007,2025-03-28,11
SKU-0007,2025-03-29,11
SKU-0007,2025-03-30,10
SKU-0007,2025-03-31,31
SKU-0007,2025-04-01,15
SKU-0007,2025-04-02,13
SKU-0007,2025-04-03,16
SKU-0007,2025-04-04,17
SKU-0007,2025-04-05,23
SKU-0007,2025-04-06,10
SKU-0007,2025-04-07,7
SKU-0007,2025-04-08,8
SKU-0007,2025-04-09,8
SKU-0007,2025-04-10,7
SKU-0007,2025-04-11,6
SKU-0007,2025-04-12,8
SKU-0007,2025-04-13,18
SKU-0007,2025-04-14,10
SKU-0007,2025-04-15,6
SKU-0007,2025-04-16,14
SKU-0007,2025-04-17,7
SKU-0007,2025-04-18,9
SKU-0007,2025-04-19,6
SKU-0007,2025-04-20,12
SKU-0007,2025-04-21,11
SKU-0007,2025-04-22,30
SKU-0007,2025-04-23,6
SKU-0007,2025-04-24,31
SKU-0007,2025-04-25,7
SKU-0007,2025-04-26,14
SKU-0007,2025-04-27,13
SKU-0007,2025-04-28,34
SKU-0007,2025-04-29,4
SKU-0007,2025-04-30,9
SKU-0007,2025-05-01,14
SKU-0007,2025-05-02,49
SKU-0007,2025-05-03,17
SKU-0007,2025-05-04,24
SKU-0007,2025-05-05,15
SKU-0007,2025-05-06,17
SKU-0007,2025-05-07,25
SKU-0007,2025-05-08,14
SKU-0007,2025-05-09,16
SKU-0007,2025-05-10,42
SKU-0007,2025-05-11,8
SKU-0007,2025-05-12,42
SKU-0007,2025-05-13,14
SKU-0007,2025-05-14,45
SKU-0007,2025-05-15,13
SKU-0007,2025-05-16,14
SKU-0007,2025-05-17,15
SKU-0007,2025-05-18,17
SKU-0007,2025-05-19,14
SKU-0007,2025-05-20,41
SKU-0007,2025-05-21,15
SKU-0007,2025-05-22,8
SKU-0007,2025-05-23,48
SKU-0007,2025-05-24,14
SKU-0007,2025-05-25,14
SKU-0007,2025-05-26,17
SKU-0007,2025-05-27,7
SKU-0007,2025-05-28,6
SKU-0007,2025-05-29,13
SKU-0007,2025-05-30,12
SKU-0007,2025-05-31,12
SKU-0007,2025-06-01,10
SKU-0007,2025-06-02,13
SKU-0007,2025-06-03,13
SKU-0007,2025-06-04,11
SKU-0007,2025-06-05,9
SKU-0007,2025-06-06,5
SKU-0007,2025-06-07,33
SKU-0007,2025-06-08,12
SKU-0007,2025-06-09,10
SKU-0007,2025-06-10,7
SKU-0007,2025-06-11,10
SKU-0007,2025-06-12,10
SKU-0007,2025-06-13,12
SKU-0007,2025-06-14,20
SKU-0007,2025-06-15,24
SKU-0007,2025-06-16,10
SKU-0007,2025-06-17,9
SKU-0007,2025-06-18,6
SKU-0007,2025-06-19,10
SKU-0007,2025-06-20,31
SKU-0007,2025-06-21,9
SKU-0007,2025-06-22,10
SKU-0007,2025-06-23,9
SKU-0007,2025-06-24,14
SKU-0007,2025-06-25,8
SKU-0007,2025-06-26,9
SKU-0007,2025-06-27,34
SKU-0007,2025-06-28,14
SKU-0007,2025-06-29,7
SKU-0008,2025-01-01,3
SKU-0008,2025-01-02,2
SKU-0008,2025-01-03,5
SKU-0008,2025-01-04,1
SKU-0008,2025-01-05,1
SKU-0008,2025-01-06,4
SKU-0008,2025-01-07,1
SKU-0008,2025-01-08,2
SKU-0008,2025-01-09,4
SKU-0008,2025-01-10,3
SKU-0008,2025-01-11,5
SKU-0008,2025-01-12,1
SKU-0008,2025-01-13,2
SKU-0008,2025-01-14,2
SKU-0008,2025-01-15,2
SKU-0008,2025-01-16,3
SKU-0008,2025-01-17,2
SKU-0008,2025-01-18,2
SKU-0008,2025-01-19,1
SKU-0008,2025-01-20,2
SKU-0008,2025-01-21,2
SKU-0008,2025-01-22,1
SKU-0008,2025-01-23,2
SKU-0008,2025-01-24,1
SKU-0008,2025-01-25,2
SKU-0008,2025-01-26,2
SKU-0008,2025-01-27,2
SKU-0008,2025-01-28,1
SKU-0008,2025-01-29,2
SKU-0008,2025-01-30,2
SKU-0008,2025-01-31,1
SKU-0008,2025-02-01,5
SKU-0008,2025-02-02,5
SKU-0008,2025-02-03,1
SKU-0008,2025-02-04,1
SKU-0008,2025-02-05,5
SKU-0008,2025-02-06,1
SKU-0008,2025-02-07,1
SKU-0008,2025-02-08,1
SKU-0008,2025-02-09,5
SKU-0008,2025-02-10,1
SKU-0008,2025-02-11,4
SKU-0008,2025-02-12,1
SKU-0008,2025-02-13,1
SKU-0008,2025-02-14,5
SKU-0008,2025-02-15,1
SKU-0008,2025-02-16,1
SKU-0008,2025-02-17,1
SKU-0008,2025-02-18,1
SKU-0008,2025-02-19,3
SKU-0008,2025-02-20,1
SKU-0008,2025-02-21,1
SKU-0008,2025-02-22,1
SKU-0008,2025-02-23,1
SKU-0008,2025-02-24,1
SKU-0008,2025-02-25,3
SKU-0008,2025-02-26,5
SKU-0008,2025-02-27,2
SKU-0008,2025-02-28,2
SKU-0008,2025-03-01,2
SKU-0008,2025-03-02,2
SKU-0008,2025-03-03,2
SKU-0008,2025-03-04,2
SKU-0008,2025-03-05,2
SKU-0008,2025-03-06,2
SKU-0008,2025-03-07,3
SKU-0008,2025-03-08,2
SKU-0008,2025-03-09,5
SKU-0008,2025-03-10,2
SKU-0008,2025-03-11,2
SKU-0008,2025-03-12,1
SKU-0008,2025-03-13,3
SKU-0008,2025-03-14,2
SKU-0008,2025-03-15,1
SKU-0008,2025-03-16,3
SKU-0008,2025-03-17,2
SKU-0008,2025-03-18,1
SKU-0008,2025-03-19,3
SKU-0008,2025-03-20,2
SKU-0008,2025-03-21,6
SKU-0008,2025-03-22,3
SKU-0008,2025-03-23,6
SKU-0008,2025-03-24,2
SKU-0008,2025-03-25,2
SKU-0008,2025-03-26,2
SKU-0008,2025-03-27,2
SKU-0008,2025-03-28,2
SKU-0008,2025-03-29,1
SKU-0008,2025-03-30,2
SKU-0008,2025-03-31,2
SKU-0008,2025-04-01,1
SKU-0008,2025-04-02,1
SKU-0008,2025-04-03,2
SKU-0008,2025-04-04,0
SKU-0008,2025-04-05,1
SKU-0008,2025-04-06,1
SKU-0008,2025-04-07,2
SKU-0008,2025-04-08,3
SKU-0008,2025-04-09,1
SKU-0008,2025-04-10,1
SKU-0008,2025-04-11,1
SKU-0008,2025-04-12,4
SKU-0008,2025-04-13,1
SKU-0008,2025-04-14,1
SKU-0008,2025-04-15,1
SKU-0008,2025-04-16,4
SKU-0008,2025-04-17,4
SKU-0008,2025-04-18,1
SKU-0008,2025-04-19,5
SKU-0008,2025-04-20,1
SKU-0008,2025-04-21,1
SKU-0008,2025-04-22,3
SKU-0008,2025-04-23,1
SKU-0008,2025-04-24,4
SKU-0008,2025-04-25,1
SKU-0008,2025-04-26,1
SKU-0008,2025-04-27,2
SKU-0008,2025-04-28,1
SKU-0008,2025-04-29,2
SKU-0008,2025-04-30,3
SKU-0008,2025-05-01,2
SKU-0008,2025-05-02,2
SKU-0008,2025-05-03,1
SKU-0008,2025-05-04,1
SKU-0008,2025-05-05,2
SKU-0008,2025-05-06,4
SKU-0008,2025-05-07,4
SKU-0008,2025-05-08,3
SKU-0008,2025-05-09,2
SKU-0008,2025-05-10,2
SKU-0008,2025-05-11,2
SKU-0008,2025-05-12,2
SKU-0008,2025-05-13,3
SKU-0008,2025-05-14,2
SKU-0008,2025-05-15,2
SKU-0008,2025-05-16,2
SKU-0008,2025-05-17,2
SKU-0008,2025-05-18,1
SKU-0008,2025-05-19,1
SKU-0008,2025-05-20,2
SKU-0008,2025-05-21,2
SKU-0008,2025-05-22,1
SKU-0008,2025-05-23,2
SKU-0008,2025-05-24,6
SKU-0008,2025-05-25,3
SKU-0008,2025-05-26,1
SKU-0008,2025-05-27,2
SKU-0008,2025-05-28,6
SKU-0008,2025-05-29,1
SKU-0008,2025-05-30,2
SKU-0008,2025-05-31,6
SKU-0008,2025-06-01,2
SKU-0008,2025-06-02,4
SKU-0008,2025-06-03,1
SKU-0008,2025-06-04,3
SKU-0008,2025-06-05,1
SKU-0008,2025-06-06,1
SKU-0008,2025-06-07,1
SKU-0008,2025-06-08,4
SKU-0008,2025-06-09,1
SKU-0008,2025-06-10,1
SKU-0008,2025-06-11,1
SKU-0008,2025-06-12,1
SKU-0008,2025-06-13,1
SKU-0008,2025-06-14,1
SKU-0008,2025-06-15,2
SKU-0008,2025-06-16,1
SKU-0008,2025-06-17,1
SKU-0008,2025-06-18,1
SKU-0008,2025-06-19,1
SKU-0008,2025-06-20,1
SKU-0008,2025-06-21,1
SKU-0008,2025-06-22,2
SKU-0008,2025-06-23,1
SKU-0008,2025-06-24,1
SKU-0008,2025-06-25,1
SKU-0008,2025-06-26,2
SKU-0008,2025-06-27,2
SKU-0008,2025-06-28,6
SKU-0008,2025-06-29,2
SKU-0009,2025-01-01,13
SKU-0009,2025-01-02,5
SKU-0009,2025-01-03,6
SKU-0009,2025-01-04,4
SKU-0009,2025-01-05,13
SKU-0009,2025-01-06,5
SKU-0009,2025-01-07,6
SKU-0009,2025-01-08,14
SKU-0009,2025-01-09,6
SKU-0009,2025-01-10,7
SKU-0009,2025-01-11,7
SKU-0009,2025-01-12,8
SKU-0009,2025-01-13,4
SKU-0009,2025-01-14,6
SKU-0009,2025-01-15,6
SKU-0009,2025-01-16,5
SKU-0009,2025-01-17,5
SKU-0009,2025-01-18,10
SKU-0009,2025-01-19,6
SKU-0009,2025-01-20,4
SKU-0009,2025-01-21,6
SKU-0009,2025-01-22,4
SKU-0009,2025-01-23,4
SKU-0009,2025-01-24,5
SKU-0009,2025-01-25,5
SKU-0009,2025-01-26,6
SKU-0009,2025-01-27,22
SKU-0009,2025-01-28,5
SKU-0009,2025-01-29,5
SKU-0009,2025-01-30,3
SKU-0009,2025-01-31,3
SKU-0009,2025-02-01,6
SKU-0009,2025-02-02,9
SKU-0009,2025-02-03,3
SKU-0009,2025-02-04,4
SKU-0009,2025-02-05,4
SKU-0009,2025-02-06,3
SKU-0009,2025-02-07,3
SKU-0009,2025-02-08,4
SKU-0009,2025-02-09,3
SKU-0009,2025-02-10,2
SKU-0009,2025-02-11,4
SKU-0009,2025-02-12,3
SKU-0009,2025-02-13,3
SKU-0009,2025-02-14,2
SKU-0009,2025-02-15,2
SKU-0009,2025-02-16,9
SKU-0009,2025-02-17,4
SKU-0009,2025-02-18,2
SKU-0009,2025-02-19,3
SKU-0009,2025-02-20,4
SKU-0009,2025-02-21,1
SKU-0009,2025-02-22,4
SKU-0009,2025-02-23,2
SKU-0009,2025-02-24,12
SKU-0009,2025-02-25,4
SKU-0009,2025-02-26,14
SKU-0009,2025-02-27,13
SKU-0009,2025-02-28,2
SKU-0009,2025-03-01,3
SKU-0009,2025-03-02,4
SKU-0009,2025-03-03,4
SKU-0009,2025-03-04,5
SKU-0009,2025-03-05,6
SKU-0009,2025-03-06,6
SKU-0009,2025-03-07,5
SKU-0009,2025-03-08,3
SKU-0009,2025-03-09,5
SKU-0009,2025-03-10,17
SKU-0009,2025-03-11,12
SKU-0009,2025-03-12,6
SKU-0009,2025-03-13,7
SKU-0009,2025-03-14,17
SKU-0009,2025-03-15,1
SKU-0009,2025-03-16,4
SKU-0009,2025-03-17,8
SKU-0009,2025-03-18,5
SKU-0009,2025-03-19,3
SKU-0009,2025-03-20,22
SKU-0009,2025-03-21,16
SKU-0009,2025-03-22,7
SKU-0009,2025-03-23,6
SKU-0009,2025-03-24,6
SKU-0009,2025-03-25,6
SKU-0009,2025-03-26,6
SKU-0009,2025-03-27,8
SKU-0009,2025-03-28,6
SKU-0009,2025-03-29,3
SKU-0009,2025-03-30,5
SKU-0009,2025-03-31,6
SKU-0009,2025-04-01,5
SKU-0009,2025-04-02,4
SKU-0009,2025-04-03,5
SKU-0009,2025-04-04,5
SKU-0009,2025-04-05,18
SKU-0009,2025-04-06,9
SKU-0009,2025-04-07,3
SKU-0009,2025-04-08,3
SKU-0009,2025-04-09,9
SKU-0009,2025-04-10,2
SKU-0009,2025-04-11,3
SKU-0009,2025-04-12,3
SKU-0009,2025-04-13,3
SKU-0009,2025-04-14,3
SKU-0009,2025-04-15,4
SKU-0009,2025-04-16,9
SKU-0009,2025-04-17,12
SKU-0009,2025-04-18,3
SKU-0009,2025-04-19,11
SKU-0009,2025-04-20,3
SKU-0009,2025-04-21,13
SKU-0009,2025-04-22,10
SKU-0009,2025-04-23,4
SKU-0009,2025-04-24,4
SKU-0009,2025-04-25,10
SKU-0009,2025-04-26,4
SKU-0009,2025-04-27,18
SKU-0009,2025-04-28,11
SKU-0009,2025-04-29,5
SKU-0009,2025-04-30,6
SKU-0009,2025-05-01,6
SKU-0009,2025-05-02,5
SKU-0009,2025-05-03,6
SKU-0009,2025-05-04,16
SKU-0009,2025-05-05,7
SKU-0009,2025-05-06,21
SKU-0009,2025-05-07,5
SKU-0009,2025-05-08,7
SKU-0009,2025-05-09,12
SKU-0009,2025-05-10,3
SKU-0009,2025-05-11,6
SKU-0009,2025-05-12,5
SKU-0009,2025-05-13,5
SKU-0009,2025-05-14,17
SKU-0009,2025-05-15,9
SKU-0009,2025-05-16,7
SKU-0009,2025-05-17,7
SKU-0009,2025-05-18,7
SKU-0009,2025-05-19,7
SKU-0009,2025-05-20,5
SKU-0009,2025-05-21,3
SKU-0009,2025-05-22,15
SKU-0009,2025-05-23,6
SKU-0009,2025-05-24,11
SKU-0009,2025-05-25,5
SKU-0009,2025-05-26,4
SKU-0009,2025-05-27,19
SKU-0009,2025-05-28,5
SKU-0009,2025-05-29,5
SKU-0009,2025-05-30,15
SKU-0009,2025-05-31,4
SKU-0009,2025-06-01,13
SKU-0009,2025-06-02,3
SKU-0009,2025-06-03,2
SKU-0009,2025-06-04,4
SKU-0009,2025-06-05,4
SKU-0009,2025-06-06,13
SKU-0009,2025-06-07,5
SKU-0009,2025-06-08,5
SKU-0009,2025-06-09,2
SKU-0009,2025-06-10,9
SKU-0009,2025-06-11,3
SKU-0009,2025-06-12,5
SKU-0009,2025-06-13,4
SKU-0009,2025-06-14,4
SKU-0009,2025-06-15,3
SKU-0009,2025-06-16,2
SKU-0009,2025-06-17,11
SKU-0009,2025-06-18,2
SKU-0009,2025-06-19,3
SKU-0009,2025-06-20,3
SKU-0009,2025-06-21,5
SKU-0009,2025-06-22,9
SKU-0009,2025-06-23,1
SKU-0009,2025-06-24,12
SKU-0009,2025-06-25,3
SKU-0009,2025-06-26,4
SKU-0009,2025-06-27,4
SKU-0009,2025-06-28,4
SKU-0009,2025-06-29,5
SKU-0010,2025-01-01,20
SKU-0010,2025-01-02,18
SKU-0010,2025-01-03,49
SKU-0010,2025-01-04,50
SKU-0010,2025-01-05,21
SKU-0010,2025-01-06,23
SKU-0010,2025-01-07,16
SKU-0010,2025-01-08,21
SKU-0010,2025-01-09,31
SKU-0010,2025-01-10,23
SKU-0010,2025-01-11,26
SKU-0010,2025-01-12,61
SKU-0010,2025-01-13,97
SKU-0010,2025-01-14,17
SKU-0010,2025-01-15,24
SKU-0010,2025-01-16,22
SKU-0010,2025-01-17,22
SKU-0010,2025-01-18,65
SKU-0010,2025-01-19,23
SKU-0010,2025-01-20,27
SKU-0010,2025-01-21,29
SKU-0010,2025-01-22,21
SKU-0010,2025-01-23,25
SKU-0010,2025-01-24,17
SKU-0010,2025-01-25,72
SKU-0010,2025-01-26,48
SKU-0010,2025-01-27,25
SKU-0010,2025-01-28,29
SKU-0010,2025-01-29,18
SKU-0010,2025-01-30,8
SKU-0010,2025-01-31,15
SKU-0010,2025-02-01,22
SKU-0010,2025-02-02,18
SKU-0010,2025-02-03,17
SKU-0010,2025-02-04,56
SKU-0010,2025-02-05,16
SKU-0010,2025-02-06,18
SKU-0010,2025-02-07,17
SKU-0010,2025-02-08,18
SKU-0010,2025-02-09,14
SKU-0010,2025-02-10,16
SKU-0010,2025-02-11,35
SKU-0010,2025-02-12,31
SKU-0010,2025-02-13,17
SKU-0010,2025-02-14,13
SKU-0010,2025-02-15,14
SKU-0010,2025-02-16,12
SKU-0010,2025-02-17,10
SKU-0010,2025-02-18,12
SKU-0010,2025-02-19,17
SKU-0010,2025-02-20,15
SKU-0010,2025-02-21,8
SKU-0010,2025-02-22,13
SKU-0010,2025-02-23,20
SKU-0010,2025-02-24,14
SKU-0010,2025-02-25,8
SKU-0010,2025-02-26,23
SKU-0010,2025-02-27,18
SKU-0010,2025-02-28,16
SKU-0010,2025-03-01,15
SKU-0010,2025-03-02,22
SKU-0010,2025-03-03,16
SKU-0010,2025-03-04,71
SKU-0010,2025-03-05,22
SKU-0010,2025-03-06,21
SKU-0010,2025-03-07,62
SKU-0010,2025-03-08,20
SKU-0010,2025-03-09,26
SKU-0010,2025-03-10,17
SKU-0010,2025-03-11,13
SKU-0010,2025-03-12,75
SKU-0010,2025-03-13,26
SKU-0010,2025-03-14,25
SKU-0010,2025-03-15,25
SKU-0010,2025-03-16,21
SKU-0010,2025-03-17,27
SKU-0010,2025-03-18,22
SKU-0010,2025-03-19,20
SKU-0010,2025-03-20,20
SKU-0010,2025-03-21,33
SKU-0010,2025-03-22,37
SKU-0010,2025-03-23,24
SKU-0010,2025-03-24,36
SKU-0010,2025-03-25,20
SKU-0010,2025-03-26,18
SKU-0010,2025-03-27,9
SKU-0010,2025-03-28,21
SKU-0010,2025-03-29,50
SKU-0010,2025-03-30,9
SKU-0010,2025-03-31,21
SKU-0010,2025-04-01,23
SKU-0010,2025-04-02,68
SKU-0010,2025-04-03,17
SKU-0010,2025-04-04,16
SKU-0010,2025-04-05,59
SKU-0010,2025-04-06,61
SKU-0010,2025-04-07,18
SKU-0010,2025-04-08,10
SKU-0010,2025-04-09,14
SKU-0010,2025-04-10,14
SKU-0010,2025-04-11,7
SKU-0010,2025-04-12,14
SKU-0010,2025-04-13,19
SKU-0010,2025-04-14,14
SKU-0010,2025-04-15,17
SKU-0010,2025-04-16,38
SKU-0010,2025-04-17,12
SKU-0010,2025-04-18,13
SKU-0010,2025-04-19,10
SKU-0010,2025-04-20,10
SKU-0010,2025-04-21,17
SKU-0010,2025-04-22,18
SKU-0010,2025-04-23,10
SKU-0010,2025-04-24,52
SKU-0010,2025-04-25,14
SKU-0010,2025-04-26,16
SKU-0010,2025-04-27,17
SKU-0010,2025-04-28,20
SKU-0010,2025-04-29,17
SKU-0010,2025-04-30,69
SKU-0010,2025-05-01,57
SKU-0010,2025-05-02,63
SKU-0010,2025-05-03,15
SKU-0010,2025-05-04,30
SKU-0010,2025-05-05,22
SKU-0010,2025-05-06,24
SKU-0010,2025-05-07,12
SKU-0010,2025-05-08,50
SKU-0010,2025-05-09,28
SKU-0010,2025-05-10,23
SKU-0010,2025-05-11,11
SKU-0010,2025-05-12,28
SKU-0010,2025-05-13,19
SKU-0010,2025-05-14,30
SKU-0010,2025-05-15,22
SKU-0010,2025-05-16,24
SKU-0010,2025-05-17,29
SKU-0010,2025-05-18,17
SKU-0010,2025-05-19,17
SKU-0010,2025-05-20,21
SKU-0010,2025-05-21,26
SKU-0010,2025-05-22,14
SKU-0010,2025-05-23,12
SKU-0010,2025-05-24,25
SKU-0010,2025-05-25,17
SKU-0010,2025-05-26,18
SKU-0010,2025-05-27,10
SKU-0010,2025-05-28,15
SKU-0010,2025-05-29,18
SKU-0010,2025-05-30,21
SKU-0010,2025-05-31,14
SKU-0010,2025-06-01,23
SKU-0010,2025-06-02,13
SKU-0010,2025-06-03,13
SKU-0010,2025-06-04,20
SKU-0010,2025-06-05,15
SKU-0010,2025-06-06,12
SKU-0010,2025-06-07,13
SKU-0010,2025-06-08,18
SKU-0010,2025-06-09,52
SKU-0010,2025-06-10,10
SKU-0010,2025-06-11,12
SKU-0010,2025-06-12,12
SKU-0010,2025-06-13,27
SKU-0010,2025-06-14,12
SKU-0010,2025-06-15,12
SKU-0010,2025-06-16,16
SKU-0010,2025-06-17,16
SKU-0010,2025-06-18,11
SKU-0010,2025-06-19,36
SKU-0010,2025-06-20,46
SKU-0010,2025-06-21,34
SKU-0010,2025-06-22,16
SKU-0010,2025-06-23,14
SKU-0010,2025-06-24,11
SKU-0010,2025-06-25,12
SKU-0010,2025-06-26,64
SKU-0010,2025-06-27,16
SKU-0010,2025-06-28,24
SKU-0010,2025-06-29,15
SKU-0011,2025-01-01,18
SKU-0011,2025-01-02,31
SKU-0011,2025-01-03,27
SKU-0011,2025-01-04,16
SKU-0011,2025-01-05,24
SKU-0011,2025-01-06,17
SKU-0011,2025-01-07,37
SKU-0011,2025-01-08,28
SKU-0011,2025-01-09,89
SKU-0011,2025-01-10,29
SKU-0011,2025-01-11,21
SKU-0011,2025-01-12,23
SKU-0011,2025-01-13,29
SKU-0011,2025-01-14,27
SKU-0011,2025-01-15,66
SKU-0011,2025-01-16,44
SKU-0011,2025-01-17,25
SKU-0011,2025-01-18,31
SKU-0011,2025-01-19,51
SKU-0011,2025-01-20,28
SKU-0011,2025-01-21,77
SKU-0011,2025-01-22,28
SKU-0011,2025-01-23,28
SKU-0011,2025-01-24,19
SKU-0011,2025-01-25,39
SKU-0011,2025-01-26,19
SKU-0011,2025-01-27,26
SKU-0011,2025-01-28,18
SKU-0011,2025-01-29,49
SKU-0011,2025-01-30,31
SKU-0011,2025-01-31,27
SKU-0011,2025-02-01,22
SKU-0011,2025-02-02,21
SKU-0011,2025-02-03,63
SKU-0011,2025-02-04,19
SKU-0011,2025-02-05,15
SKU-0011,2025-02-06,15
SKU-0011,2025-02-07,13
SKU-0011,2025-02-08,24
SKU-0011,2025-02-09,16
SKU-0011,2025-02-10,12
SKU-0011,2025-02-11,15
SKU-0011,2025-02-12,10
SKU-0011,2025-02-13,18
SKU-0011,2025-02-14,11
SKU-0011,2025-02-15,15
SKU-0011,2025-02-16,17
SKU-0011,2025-02-17,15
SKU-0011,2025-02-18,14
SKU-0011,2025-02-19,14
SKU-0011,2025-02-20,14
SKU-0011,2025-02-21,12
SKU-0011,2025-02-22,13
SKU-0011,2025-02-23,21
SKU-0011,2025-02-24,15
SKU-0011,2025-02-25,39
SKU-0011,2025-02-26,14
SKU-0011,2025-02-27,22
SKU-0011,2025-02-28,21
SKU-0011,2025-03-01,21
SKU-0011,2025-03-02,18
SKU-0011,2025-03-03,22
SKU-0011,2025-03-04,51
SKU-0011,2025-03-05,19
SKU-0011,2025-03-06,26
SKU-0011,2025-03-07,79
SKU-0011,2025-03-08,17
SKU-0011,2025-03-09,18
SKU-0011,2025-03-10,24
SKU-0011,2025-03-11,34
SKU-0011,2025-03-12,12
SKU-0011,2025-03-13,26
SKU-0011,2025-03-14,16
SKU-0011,2025-03-15,20
SKU-0011,2025-03-16,22
SKU-0011,2025-03-17,22
SKU-0011,2025-03-18,21
SKU-0011,2025-03-19,24
SKU-0011,2025-03-20,21
SKU-0011,2025-03-21,15
SKU-0011,2025-03-22,28
SKU-0011,2025-03-23,27
SKU-0011,2025-03-24,28
SKU-0011,2025-03-25,14
SKU-0011,2025-03-26,23
SKU-0011,2025-03-27,25
SKU-0011,2025-03-28,46
SKU-0011,2025-03-29,61
SKU-0011,2025-03-30,19
SKU-0011,2025-03-31,28
SKU-0011,2025-04-01,27
SKU-0011,2025-04-02,10
SKU-0011,2025-04-03,28
SKU-0011,2025-04-04,13
SKU-0011,2025-04-05,20
SKU-0011,2025-04-06,19
SKU-0011,2025-04-07,11
SKU-0011,2025-04-08,17
SKU-0011,2025-04-09,14
SKU-0011,2025-04-10,16
SKU-0011,2025-04-11,15
SKU-0011,2025-04-12,53
SKU-0011,2025-04-13,14
SKU-0011,2025-04-14,13
SKU-0011,2025-04-15,17
SKU-0011,2025-04-16,15
SKU-0011,2025-04-17,47
SKU-0011,2025-04-18,11
SKU-0011,2025-04-19,10
SKU-0011,2025-04-20,12
SKU-0011,2025-04-21,12
SKU-0011,2025-04-22,17
SKU-0011,2025-04-23,55
SKU-0011,2025-04-24,15
SKU-0011,2025-04-25,21
SKU-0011,2025-04-26,66
SKU-0011,2025-04-27,18
SKU-0011,2025-04-28,14
SKU-0011,2025-04-29,25
SKU-0011,2025-04-30,18
SKU-0011,2025-05-01,20
SKU-0011,2025-05-02,18
SKU-0011,2025-05-03,16
SKU-0011,2025-05-04,40
SKU-0011,2025-05-05,25
SKU-0011,2025-05-06,18
SKU-0011,2025-05-07,40
SKU-0011,2025-05-08,17
SKU-0011,2025-05-09,16
SKU-0011,2025-05-10,80
SKU-0011,2025-05-11,33
SKU-0011,2025-05-12,24
SKU-0011,2025-05-13,28
SKU-0011,2025-05-14,39
SKU-0011,2025-05-15,20
SKU-0011,2025-05-16,18
SKU-0011,2025-05-17,38
SKU-0011,2025-05-18,25
SKU-0011,2025-05-19,11
SKU-0011,2025-05-20,16
SKU-0011,2025-05-21,20
SKU-0011,2025-05-22,18
SKU-0011,2025-05-23,75
SKU-0011,2025-05-24,24
SKU-0011,2025-05-25,27
SKU-0011,2025-05-26,25
SKU-0011,2025-05-27,26
SKU-0011,2025-05-28,20
SKU-0011,2025-05-29,63
SKU-0011,2025-05-30,21
SKU-0011,2025-05-31,19
SKU-0011,2025-06-01,16
SKU-0011,2025-06-02,16
SKU-0011,2025-06-03,13
SKU-0011,2025-06-04,53
SKU-0011,2025-06-05,15
SKU-0011,2025-06-06,13
SKU-0011,2025-06-07,12
SKU-0011,2025-06-08,10
SKU-0011,2025-06-09,52
SKU-0011,2025-06-10,14
SKU-0011,2025-06-11,11
SKU-0011,2025-06-12,16
SKU-0011,2025-06-13,11
SKU-0011,2025-06-14,26
SKU-0011,2025-06-15,17
SKU-0011,2025-06-16,11
SKU-0011,2025-06-17,12
SKU-0011,2025-06-18,14
SKU-0011,2025-06-19,18
SKU-0011,2025-06-20,14
SKU-0011,2025-06-21,10
SKU-0011,2025-06-22,17
SKU-0011,2025-06-23,14
SKU-0011,2025-06-24,23
SKU-0011,2025-06-25,49
SKU-0011,2025-06-26,8
SKU-0011,2025-06-27,57
SKU-0011,2025-06-28,27
SKU-0011,2025-06-29,26
SKU-0012,2025-01-01,15
SKU-0012,2025-01-02,23
SKU-0012,2025-01-03,23
SKU-0012,2025-01-04,13
SKU-0012,2025-01-05,34
SKU-0012,2025-01-06,26
SKU-0012,2025-01-07,34
SKU-0012,2025-01-08,46
SKU-0012,2025-01-09,27
SKU-0012,2025-01-10,27
SKU-0012,2025-01-11,31
SKU-0012,2025-01-12,38
SKU-0012,2025-01-13,80
SKU-0012,2025-01-14,26
SKU-0012,2025-01-15,40
SKU-0012,2025-01-16,34
SKU-0012,2025-01-17,15
SKU-0012,2025-01-18,22
SKU-0012,2025-01-19,128
SKU-0012,2025-01-20,34
SKU-0012,2025-01-21,25
SKU-0012,2025-01-22,86
SKU-0012,2025-01-23,30
SKU-0012,2025-01-24,34
SKU-0012,2025-01-25,56
SKU-0012,2025-01-26,66
SKU-0012,2025-01-27,29
SKU-0012,2025-01-28,26
SKU-0012,2025-01-29,29
SKU-0012,2025-01-30,17
SKU-0012,2025-01-31,26
SKU-0012,2025-02-01,30
SKU-0012,2025-02-02,25
SKU-0012,2025-02-03,23
SKU-0012,2025-02-04,21
SKU-0012,2025-02-05,49
SKU-0012,2025-02-06,19
SKU-0012,2025-02-07,25
SKU-0012,2025-02-08,18
SKU-0012,2025-02-09,14
SKU-0012,2025-02-10,16
SKU-0012,2025-02-11,18
SKU-0012,2025-02-12,47
SKU-0012,2025-02-13,19
SKU-0012,2025-02-14,19
SKU-0012,2025-02-15,21
SKU-0012,2025-02-16,23
SKU-0012,2025-02-17,21
SKU-0012,2025-02-18,13
SKU-0012,2025-02-19,14
SKU-0012,2025-02-20,18
SKU-0012,2025-02-21,16
SKU-0012,2025-02-22,14
SKU-0012,2025-02-23,17
SKU-0012,2025-02-24,53
SKU-0012,2025-02-25,17
SKU-0012,2025-02-26,20
SKU-0012,2025-02-27,29
SKU-0012,2025-02-28,24
SKU-0012,2025-03-01,38
SKU-0012,2025-03-02,25
SKU-0012,2025-03-03,23
SKU-0012,2025-03-04,26
SKU-0012,2025-03-05,28
SKU-0012,2025-03-06,30
SKU-0012,2025-03-07,43
SKU-0012,2025-03-08,23
SKU-0012,2025-03-09,36
SKU-0012,2025-03-10,31
SKU-0012,2025-03-11,18
SKU-0012,2025-03-12,37
SKU-0012,2025-03-13,41
SKU-0012,2025-03-14,25
SKU-0012,2025-03-15,31
SKU-0012,2025-03-16,18
SKU-0012,2025-03-17,65
SKU-0012,2025-03-18,40
SKU-0012,2025-03-19,28
SKU-0012,2025-03-20,67
SKU-0012,2025-03-21,32
SKU-0012,2025-03-22,79
SKU-0012,2025-03-23,26
SKU-0012,2025-03-24,35
SKU-0012,2025-03-25,20
SKU-0012,2025-03-26,22
SKU-0012,2025-03-27,86
SKU-0012,2025-03-28,33
SKU-0012,2025-03-29,34
SKU-0012,2025-03-30,21
SKU-0012,2025-03-31,30
SKU-0012,2025-04-01,57
SKU-0012,2025-04-02,101
SKU-0012,2025-04-03,16
SKU-0012,2025-04-04,29
SKU-0012,2025-04-05,17
SKU-0012,2025-04-06,30
SKU-0012,2025-04-07,68
SKU-0012,2025-04-08,14
SKU-0012,2025-04-09,16
SKU-0012,2025-04-10,22
SKU-0012,2025-04-11,22
SKU-0012,2025-04-12,17
SKU-0012,2025-04-13,17
SKU-0012,2025-04-14,20
SKU-0012,2025-04-15,18
SKU-0012,2025-04-16,34
SKU-0012,2025-04-17,41
SKU-0012,2025-04-18,55
SKU-0012,2025-04-19,23
SKU-0012,2025-04-20,25
SKU-0012,2025-04-21,22
SKU-0012,2025-04-22,20
SKU-0012,2025-04-23,23
SKU-0012,2025-04-24,16
SKU-0012,2025-04-25,20
SKU-0012,2025-04-26,17
SKU-0012,2025-04-27,15
SKU-0012,2025-04-28,24
SKU-0012,2025-04-29,73
SKU-0012,2025-04-30,28
SKU-0012,2025-05-01,28
SKU-0012,2025-05-02,27
SKU-0012,2025-05-03,30
SKU-0012,2025-05-04,27
SKU-0012,2025-05-05,30
SKU-0012,2025-05-06,23
SKU-0012,2025-05-07,95
SKU-0012,2025-05-08,34
SKU-0012,2025-05-09,25
SKU-0012,2025-05-10,31
SKU-0012,2025-05-11,26
SKU-0012,2025-05-12,81
SKU-0012,2025-05-13,22
SKU-0012,2025-05-14,41
SKU-0012,2025-05-15,40
SKU-0012,2025-05-16,107
SKU-0012,2025-05-17,140
SKU-0012,2025-05-18,30
SKU-0012,2025-05-19,54
SKU-0012,2025-05-20,86
SKU-0012,2025-05-21,96
SKU-0012,2025-05-22,27
SKU-0012,2025-05-23,32
SKU-0012,2025-05-24,35
SKU-0012,2025-05-25,27
SKU-0012,2025-05-26,118
SKU-0012,2025-05-27,28
SKU-0012,2025-05-28,28
SKU-0012,2025-05-29,19
SKU-0012,2025-05-30,27
SKU-0012,2025-05-31,23
SKU-0012,2025-06-01,19
SKU-0012,2025-06-02,18
SKU-0012,2025-06-03,36
SKU-0012,2025-06-04,19
SKU-0012,2025-06-05,13
SKU-0012,2025-06-06,16
SKU-0012,2025-06-07,19
SKU-0012,2025-06-08,21
SKU-0012,2025-06-09,61
SKU-0012,2025-06-10,62
SKU-0012,2025-06-11,15
SKU-0012,2025-06-12,56
SKU-0012,2025-06-13,13
SKU-0012,2025-06-14,14
SKU-0012,2025-06-15,13
SKU-0012,2025-06-16,12
SKU-0012,2025-06-17,66
SKU-0012,2025-06-18,21
SKU-0012,2025-06-19,22
SKU-0012,2025-06-20,18
SKU-0012,2025-06-21,22
SKU-0012,2025-06-22,11
SKU-0012,2025-06-23,24
SKU-0012,2025-06-24,21
SKU-0012,2025-06-25,25
SKU-0012,2025-06-26,72
SKU-0012,2025-06-27,17
SKU-0012,2025-06-28,15
SKU-0012,2025-06-29,20
SKU-0013,2025-01-01,8
SKU-0013,2025-01-02,8
SKU-0013,2025-01-03,8
SKU-0013,2025-01-04,5
SKU-0013,2025-01-05,7
SKU-0013,2025-01-06,12
SKU-0013,2025-01-07,5
SKU-0013,2025-01-08,8
SKU-0013,2025-01-09,9
SKU-0013,2025-01-10,15
SKU-0013,2025-01-11,38
SKU-0013,2025-01-12,9
SKU-0013,2025-01-13,14
SKU-0013,2025-01-14,9
SKU-0013,2025-01-15,14
SKU-0013,2025-01-16,22
SKU-0013,2025-01-17,14
SKU-0013,2025-01-18,10
SKU-0013,2025-01-19,8
SKU-0013,2025-01-20,31
SKU-0013,2025-01-21,11
SKU-0013,2025-01-22,9
SKU-0013,2025-01-23,12
SKU-0013,2025-01-24,9
SKU-0013,2025-01-25,11
SKU-0013,2025-01-26,11
SKU-0013,2025-01-27,9
SKU-0013,2025-01-28,8
SKU-0013,2025-01-29,28
SKU-0013,2025-01-30,30
SKU-0013,2025-01-31,13
SKU-0013,2025-02-01,10
SKU-0013,2025-02-02,10
SKU-0013,2025-02-03,41
SKU-0013,2025-02-04,8
SKU-0013,2025-02-05,24
SKU-0013,2025-02-06,8
SKU-0013,2025-02-07,5
SKU-0013,2025-02-08,6
SKU-0013,2025-02-09,6
SKU-0013,2025-02-10,7
SKU-0013,2025-02-11,6
SKU-0013,2025-02-12,6
SKU-0013,2025-02-13,8
SKU-0013,2025-02-14,7
SKU-0013,2025-02-15,6
SKU-0013,2025-02-16,15
SKU-0013,2025-02-17,8
SKU-0013,2025-02-18,7
SKU-0013,2025-02-19,11
SKU-0013,2025-02-20,6
SKU-0013,2025-02-21,7
SKU-0013,2025-02-22,8
SKU-0013,2025-02-23,8
SKU-0013,2025-02-24,8
SKU-0013,2025-02-25,8
SKU-0013,2025-02-26,8
SKU-0013,2025-02-27,6
SKU-0013,2025-02-28,8
SKU-0013,2025-03-01,25
SKU-0013,2025-03-02,25
SKU-0013,2025-03-03,5
SKU-0013,2025-03-04,8
SKU-0013,2025-03-05,28
SKU-0013,2025-03-06,9
SKU-0013,2025-03-07,28
SKU-0013,2025-03-08,11
SKU-0013,2025-03-09,22
SKU-0013,2025-03-10,6
SKU-0013,2025-03-11,10
SKU-0013,2025-03-12,13
SKU-0013,2025-03-13,46
SKU-0013,2025-03-14,13
SKU-0013,2025-03-15,7
SKU-0013,2025-03-16,10
SKU-0013,2025-03-17,12
SKU-0013,2025-03-18,34
SKU-0013,2025-03-19,12
SKU-0013,2025-03-20,8
SKU-0013,2025-03-21,11
SKU-0013,2025-03-22,35
SKU-0013,2025-03-23,13
SKU-0013,2025-03-24,8
SKU-0013,2025-03-25,9
SKU-0013,2025-03-26,3
SKU-0013,2025-03-27,8
SKU-0013,2025-03-28,8
SKU-0013,2025-03-29,20
SKU-0013,2025-03-30,9
SKU-0013,2025-03-31,8
SKU-0013,2025-04-01,4
SKU-0013,2025-04-02,9
SKU-0013,2025-04-03,6
SKU-0013,2025-04-04,8
SKU-0013,2025-04-05,5
SKU-0013,2025-04-06,7
SKU-0013,2025-04-07,6
SKU-0013,2025-04-08,7
SKU-0013,2025-04-09,7
SKU-0013,2025-04-10,6
SKU-0013,2025-04-11,4
SKU-0013,2025-04-12,4
SKU-0013,2025-04-13,5
SKU-0013,2025-04-14,18
SKU-0013,2025-04-15,15
SKU-0013,2025-04-16,21
SKU-0013,2025-04-17,17
SKU-0013,2025-04-18,5
SKU-0013,2025-04-19,6
SKU-0013,2025-04-20,7
SKU-0013,2025-04-21,7
SKU-0013,2025-04-22,10
SKU-0013,2025-04-23,6
SKU-0013,2025-04-24,7
SKU-0013,2025-04-25,8
SKU-0013,2025-04-26,22
SKU-0013,2025-04-27,7
SKU-0013,2025-04-28,5
SKU-0013,2025-04-29,7
SKU-0013,2025-04-30,18
SKU-0013,2025-05-01,5
SKU-0013,2025-05-02,7
SKU-0013,2025-05-03,7
SKU-0013,2025-05-04,11
SKU-0013,2025-05-05,11
SKU-0013,2025-05-06,23
SKU-0013,2025-05-07,9
SKU-0013,2025-05-08,17
SKU-0013,2025-05-09,9
SKU-0013,2025-05-10,35
SKU-0013,2025-05-11,13
SKU-0013,2025-05-12,27
SKU-0013,2025-05-13,14
SKU-0013,2025-05-14,7
SKU-0013,2025-05-15,8
SKU-0013,2025-05-16,13
SKU-0013,2025-05-17,16
SKU-0013,2025-05-18,12
SKU-0013,2025-05-19,11
SKU-0013,2025-05-20,5
SKU-0013,2025-05-21,16
SKU-0013,2025-05-22,11
SKU-0013,2025-05-23,9
SKU-0013,2025-05-24,22
SKU-0013,2025-05-25,10
SKU-0013,2025-05-26,10
SKU-0013,2025-05-27,12
SKU-0013,2025-05-28,9
SKU-0013,2025-05-29,11
SKU-0013,2025-05-30,9
SKU-0013,2025-05-31,8
SKU-0013,2025-06-01,10
SKU-0013,2025-06-02,6
SKU-0013,2025-06-03,13
SKU-0013,2025-06-04,8
SKU-0013,2025-06-05,8
SKU-0013,2025-06-06,8
SKU-0013,2025-06-07,10
SKU-0013,2025-06-08,8
SKU-0013,2025-06-09,4
SKU-0013,2025-06-10,8
SKU-0013,2025-06-11,17
SKU-0013,2025-06-12,18
SKU-0013,2025-06-13,4
SKU-0013,2025-06-14,7
SKU-0013,2025-06-15,5
SKU-0013,2025-06-16,6
SKU-0013,2025-06-17,6
SKU-0013,2025-06-18,9
SKU-0013,2025-06-19,9
SKU-0013,2025-06-20,19
SKU-0013,2025-06-21,7
SKU-0013,2025-06-22,6
SKU-0013,2025-06-23,27
SKU-0013,2025-06-24,7
SKU-0013,2025-06-25,7
SKU-0013,2025-06-26,10
SKU-0013,2025-06-27,7
SKU-0013,2025-06-28,8
SKU-0013,2025-06-29,5
SKU-0014,2025-01-01,8
SKU-0014,2025-01-02,10
SKU-0014,2025-01-03,11
SKU-0014,2025-01-04,10
SKU-0014,2025-01-05,12
SKU-0014,2025-01-06,31
SKU-0014,2025-01-07,9
SKU-0014,2025-01-08,16
SKU-0014,2025-01-09,44
SKU-0014,2025-01-10,10
SKU-0014,2025-01-11,41
SKU-0014,2025-01-12,10
SKU-0014,2025-01-13,26
SKU-0014,2025-01-14,16
SKU-0014,2025-01-15,7
SKU-0014,2025-01-16,15
SKU-0014,2025-01-17,12
SKU-0014,2025-01-18,12
SKU-0014,2025-01-19,14
SKU-0014,2025-01-20,14
SKU-0014,2025-01-21,29
SKU-0014,2025-01-22,14
SKU-0014,2025-01-23,12
SKU-0014,2025-01-24,8
SKU-0014,2025-01-25,11
SKU-0014,2025-01-26,15
SKU-0014,2025-01-27,46
SKU-0014,2025-01-28,37
SKU-0014,2025-01-29,7
SKU-0014,2025-01-30,11
SKU-0014,2025-01-31,12
SKU-0014,2025-02-01,11
SKU-0014,2025-02-02,11
SKU-0014,2025-02-03,9
SKU-0014,2025-02-04,8
SKU-0014,2025-02-05,7
SKU-0014,2025-02-06,4
SKU-0014,2025-02-07,8
SKU-0014,2025-02-08,8
SKU-0014,2025-02-09,8
SKU-0014,2025-02-10,5
SKU-0014,2025-02-11,8
SKU-0014,2025-02-12,10
SKU-0014,2025-02-13,7
SKU-0014,2025-02-14,20
SKU-0014,2025-02-15,22
SKU-0014,2025-02-16,10
SKU-0014,2025-02-17,5
SKU-0014,2025-02-18,7
SKU-0014,2025-02-19,6
SKU-0014,2025-02-20,6
SKU-0014,2025-02-21,7
SKU-0014,2025-02-22,10
SKU-0014,2025-02-23,11
SKU-0014,2025-02-24,9
SKU-0014,2025-02-25,7
SKU-0014,2025-02-26,14
SKU-0014,2025-02-27,8
SKU-0014,2025-02-28,8
SKU-0014,2025-03-01,5
SKU-0014,2025-03-02,13
SKU-0014,2025-03-03,12
SKU-0014,2025-03-04,49
SKU-0014,2025-03-05,7
SKU-0014,2025-03-06,15
SKU-0014,2025-03-07,11
SKU-0014,2025-03-08,14
SKU-0014,2025-03-09,7
SKU-0014,2025-03-10,16
SKU-0014,2025-03-11,14
SKU-0014,2025-03-12,36
SKU-0014,2025-03-13,14
SKU-0014,2025-03-14,10
SKU-0014,2025-03-15,11
SKU-0014,2025-03-16,11
SKU-0014,2025-03-17,7
SKU-0014,2025-03-18,15
SKU-0014,2025-03-19,48
SKU-0014,2025-03-20,30
SKU-0014,2025-03-21,13
SKU-0014,2025-03-22,11
SKU-0014,2025-03-23,13
SKU-0014,2025-03-24,10
SKU-0014,2025-03-25,9
SKU-0014,2025-03-26,14
SKU-0014,2025-03-27,11
SKU-0014,2025-03-28,16
SKU-0014,2025-03-29,10
SKU-0014,2025-03-30,8
SKU-0014,2025-03-31,13
SKU-0014,2025-04-01,11
SKU-0014,2025-04-02,11
SKU-0014,2025-04-03,34
SKU-0014,2025-04-04,7
SKU-0014,2025-04-05,24
SKU-0014,2025-04-06,8
SKU-0014,2025-04-07,5
SKU-0014,2025-04-08,7
SKU-0014,2025-04-09,10
SKU-0014,2025-04-10,8
SKU-0014,2025-04-11,5
SKU-0014,2025-04-12,13
SKU-0014,2025-04-13,10
SKU-0014,2025-04-14,7
SKU-0014,2025-04-15,6
SKU-0014,2025-04-16,6
SKU-0014,2025-04-17,4
SKU-0014,2025-04-18,9
SKU-0014,2025-04-19,6
SKU-0014,2025-04-20,9
SKU-0014,2025-04-21,22
SKU-0014,2025-04-22,10
SKU-0014,2025-04-23,24
SKU-0014,2025-04-24,9
SKU-0014,2025-04-25,9
SKU-0014,2025-04-26,10
SKU-0014,2025-04-27,9
SKU-0014,2025-04-28,25
SKU-0014,2025-04-29,14
SKU-0014,2025-04-30,7
SKU-0014,2025-05-01,10
SKU-0014,2025-05-02,10
SKU-0014,2025-05-03,11
SKU-0014,2025-05-04,10
SKU-0014,2025-05-05,12
SKU-0014,2025-05-06,11
SKU-0014,2025-05-07,7
SKU-0014,2025-05-08,12
SKU-0014,2025-05-09,9
SKU-0014,2025-05-10,7
SKU-0014,2025-05-11,38
SKU-0014,2025-05-12,14
SKU-0014,2025-05-13,14
SKU-0014,2025-05-14,14
SKU-0014,2025-05-15,19
SKU-0014,2025-05-16,8
SKU-0014,2025-05-17,19
SKU-0014,2025-05-18,27
SKU-0014,2025-05-19,14
SKU-0014,2025-05-20,10
SKU-0014,2025-05-21,12
SKU-0014,2025-05-22,10
SKU-0014,2025-05-23,13
SKU-0014,2025-05-24,35
SKU-0014,2025-05-25,10
SKU-0014,2025-05-26,8
SKU-0014,2025-05-27,34
SKU-0014,2025-05-28,7
SKU-0014,2025-05-29,11
SKU-0014,2025-05-30,16
SKU-0014,2025-05-31,12
SKU-0014,2025-06-01,32
SKU-0014,2025-06-02,9
SKU-0014,2025-06-03,4
SKU-0014,2025-06-04,16
SKU-0014,2025-06-05,10
SKU-0014,2025-06-06,6
SKU-0014,2025-06-07,18
SKU-0014,2025-06-08,7
SKU-0014,2025-06-09,5
SKU-0014,2025-06-10,5
SKU-0014,2025-06-11,20
SKU-0014,2025-06-12,5
SKU-0014,2025-06-13,16
SKU-0014,2025-06-14,16
SKU-0014,2025-06-15,23
SKU-0014,2025-06-16,6
SKU-0014,2025-06-17,7
SKU-0014,2025-06-18,8
SKU-0014,2025-06-19,7
SKU-0014,2025-06-20,20
SKU-0014,2025-06-21,8
SKU-0014,2025-06-22,9
SKU-0014,2025-06-23,8
SKU-0014,2025-06-24,8
SKU-0014,2025-06-25,7
SKU-0014,2025-06-26,20
SKU-0014,2025-06-27,32
SKU-0014,2025-06-28,31
SKU-0014,2025-06-29,11
SKU-0015,2025-01-01,10
SKU-0015,2025-01-02,13
SKU-0015,2025-01-03,12
SKU-0015,2025-01-04,14
SKU-0015,2025-01-05,14
SKU-0015,2025-01-06,13
SKU-0015,2025-01-07,12
SKU-0015,2025-01-08,14
SKU-0015,2025-01-09,19
SKU-0015,2025-01-10,12
SKU-0015,2025-01-11,45
SKU-0015,2025-01-12,48
SKU-0015,2025-01-13,21
SKU-0015,2025-01-14,14
SKU-0015,2025-01-15,19
SKU-0015,2025-01-16,20
SKU-0015,2025-01-17,15
SKU-0015,2025-01-18,15
SKU-0015,2025-01-19,14
SKU-0015,2025-01-20,14
SKU-0015,2025-01-21,18
SKU-0015,2025-01-22,16
SKU-0015,2025-01-23,16
SKU-0015,2025-01-24,10
SKU-0015,2025-01-25,11
SKU-0015,2025-01-26,63
SKU-0015,2025-01-27,13
SKU-0015,2025-01-28,11
SKU-0015,2025-01-29,17
SKU-0015,2025-01-30,13
SKU-0015,2025-01-31,14
SKU-0015,2025-02-01,11
SKU-0015,2025-02-02,10
SKU-0015,2025-02-03,10
SKU-0015,2025-02-04,7
SKU-0015,2025-02-05,10
SKU-0015,2025-02-06,11
SKU-0015,2025-02-07,14
SKU-0015,2025-02-08,9
SKU-0015,2025-02-09,11
SKU-0015,2025-02-10,9
SKU-0015,2025-02-11,15
SKU-0015,2025-02-12,10
SKU-0015,2025-02-13,7
SKU-0015,2025-02-14,10
SKU-0015,2025-02-15,7
SKU-0015,2025-02-16,6
SKU-0015,2025-02-17,8
SKU-0015,2025-02-18,9
SKU-0015,2025-02-19,14
SKU-0015,2025-02-20,6
SKU-0015,2025-02-21,9
SKU-0015,2025-02-22,25
SKU-0015,2025-02-23,11
SKU-0015,2025-02-24,7
SKU-0015,2025-02-25,12
SKU-0015,2025-02-26,7
SKU-0015,2025-02-27,47
SKU-0015,2025-02-28,6
SKU-0015,2025-03-01,9
SKU-0015,2025-03-02,13
SKU-0015,2025-03-03,18
SKU-0015,2025-03-04,14
SKU-0015,2025-03-05,45
SKU-0015,2025-03-06,41
SKU-0015,2025-03-07,10
SKU-0015,2025-03-08,12
SKU-0015,2025-03-09,10
SKU-0015,2025-03-10,10
SKU-0015,2025-03-11,17
SKU-0015,2025-03-12,11
SKU-0015,2025-03-13,17
SKU-0015,2025-03-14,31
SKU-0015,2025-03-15,17
SKU-0015,2025-03-16,14
SKU-0015,2025-03-17,63
SKU-0015,2025-03-18,50
SKU-0015,2025-03-19,20
SKU-0015,2025-03-20,12
SKU-0015,2025-03-21,15
SKU-0015,2025-03-22,11
SKU-0015,2025-03-23,40
SKU-0015,2025-03-24,14
SKU-0015,2025-03-25,12
SKU-0015,2025-03-26,10
SKU-0015,2025-03-27,26
SKU-0015,2025-03-28,6
SKU-0015,2025-03-29,10
SKU-0015,2025-03-30,15
SKU-0015,2025-03-31,22
SKU-0015,2025-04-01,8
SKU-0015,2025-04-02,17
SKU-0015,2025-04-03,9
SKU-0015,2025-04-04,12
SKU-0015,2025-04-05,36
SKU-0015,2025-04-06,12
SKU-0015,2025-04-07,6
SKU-0015,2025-04-08,9
SKU-0015,2025-04-09,5
SKU-0015,2025-04-10,43
SKU-0015,2025-04-11,5
SKU-0015,2025-04-12,6
SKU-0015,2025-04-13,6
SKU-0015,2025-04-14,5
SKU-0015,2025-04-15,11
SKU-0015,2025-04-16,13
SKU-0015,2025-04-17,7
SKU-0015,2025-04-18,6
SKU-0015,2025-04-19,4
SKU-0015,2025-04-20,8
SKU-0015,2025-04-21,8
SKU-0015,2025-04-22,8
SKU-0015,2025-04-23,10
SKU-0015,2025-04-24,11
SKU-0015,2025-04-25,11
SKU-0015,2025-04-26,29
SKU-0015,2025-04-27,8
SKU-0015,2025-04-28,13
SKU-0015,2025-04-29,12
SKU-0015,2025-04-30,15
SKU-0015,2025-05-01,15
SKU-0015,2025-05-02,8
SKU-0015,2025-05-03,8
SKU-0015,2025-05-04,11
SKU-0015,2025-05-05,10
SKU-0015,2025-05-06,17
SKU-0015,2025-05-07,16
SKU-0015,2025-05-08,19
SKU-0015,2025-05-09,16
SKU-0015,2025-05-10,16
SKU-0015,2025-05-11,20
SKU-0015,2025-05-12,17
SKU-0015,2025-05-13,16
SKU-0015,2025-05-14,21
SKU-0015,2025-05-15,16
SKU-0015,2025-05-16,14
SKU-0015,2025-05-17,12
SKU-0015,2025-05-18,18
SKU-0015,2025-05-19,20
SKU-0015,2025-05-20,15
SKU-0015,2025-05-21,60
SKU-0015,2025-05-22,7
SKU-0015,2025-05-23,14
SKU-0015,2025-05-24,14
SKU-0015,2025-05-25,11
SKU-0015,2025-05-26,22
SKU-0015,2025-05-27,13
SKU-0015,2025-05-28,12
SKU-0015,2025-05-29,13
SKU-0015,2025-05-30,6
SKU-0015,2025-05-31,9
SKU-0015,2025-06-01,14
SKU-0015,2025-06-02,9
SKU-0015,2025-06-03,25
SKU-0015,2025-06-04,14
SKU-0015,2025-06-05,13
SKU-0015,2025-06-06,11
SKU-0015,2025-06-07,8
SKU-0015,2025-06-08,9
SKU-0015,2025-06-09,7
SKU-0015,2025-06-10,7
SKU-0015,2025-06-11,6
SKU-0015,2025-06-12,7
SKU-0015,2025-06-13,6
SKU-0015,2025-06-14,5
SKU-0015,2025-06-15,27
SKU-0015,2025-06-16,9
SKU-0015,2025-06-17,12
SKU-0015,2025-06-18,7
SKU-0015,2025-06-19,10
SKU-0015,2025-06-20,10
SKU-0015,2025-06-21,9
SKU-0015,2025-06-22,11
SKU-0015,2025-06-23,12
SKU-0015,2025-06-24,33
SKU-0015,2025-06-25,10
SKU-0015,2025-06-26,10
SKU-0015,2025-06-27,7
SKU-0015,2025-06-28,9
SKU-0015,2025-06-29,10
SKU-0016,2025-01-01,11
SKU-0016,2025-01-02,13
SKU-0016,2025-01-03,2
SKU-0016,2025-01-04,5
SKU-0016,2025-01-05,5
SKU-0016,2025-01-06,5
SKU-0016,2025-01-07,8
SKU-0016,2025-01-08,8
SKU-0016,2025-01-09,6
SKU-0016,2025-01-10,6
SKU-0016,2025-01-11,8
SKU-0016,2025-01-12,7
SKU-0016,2025-01-13,16
SKU-0016,2025-01-14,4
SKU-0016,2025-01-15,18
SKU-0016,2025-01-16,24
SKU-0016,2025-01-17,31
SKU-0016,2025-01-18,7
SKU-0016,2025-01-19,5
SKU-0016,2025-01-20,5
SKU-0016,2025-01-21,7
SKU-0016,2025-01-22,4
SKU-0016,2025-01-23,7
SKU-0016,2025-01-24,7
SKU-0016,2025-01-25,7
SKU-0016,2025-01-26,6
SKU-0016,2025-01-27,7
SKU-0016,2025-01-28,6
SKU-0016,2025-01-29,4
SKU-0016,2025-01-30,8
SKU-0016,2025-01-31,14
SKU-0016,2025-02-01,6
SKU-0016,2025-02-02,2
SKU-0016,2025-02-03,6
SKU-0016,2025-02-04,6
SKU-0016,2025-02-05,4
SKU-0016,2025-02-06,14
SKU-0016,2025-02-07,5
SKU-0016,2025-02-08,3
SKU-0016,2025-02-09,4
SKU-0016,2025-02-10,3
SKU-0016,2025-02-11,3
SKU-0016,2025-02-12,5
SKU-0016,2025-02-13,5
SKU-0016,2025-02-14,3
SKU-0016,2025-02-15,9
SKU-0016,2025-02-16,3
SKU-0016,2025-02-17,4
SKU-0016,2025-02-18,8
SKU-0016,2025-02-19,4
SKU-0016,2025-02-20,5
SKU-0016,2025-02-21,4
SKU-0016,2025-02-22,5
SKU-0016,2025-02-23,4
SKU-0016,2025-02-24,4
SKU-0016,2025-02-25,3
SKU-0016,2025-02-26,6
SKU-0016,2025-02-27,11
SKU-0016,2025-02-28,5
SKU-0016,2025-03-01,15
SKU-0016,2025-03-02,4
SKU-0016,2025-03-03,5
SKU-0016,2025-03-04,7
SKU-0016,2025-03-05,6
SKU-0016,2025-03-06,13
SKU-0016,2025-03-07,6
SKU-0016,2025-03-08,6
SKU-0016,2025-03-09,12
SKU-0016,2025-03-10,7
SKU-0016,2025-03-11,6
SKU-0016,2025-03-12,9
SKU-0016,2025-03-13,4
SKU-0016,2025-03-14,7
SKU-0016,2025-03-15,10
SKU-0016,2025-03-16,6
SKU-0016,2025-03-17,4
SKU-0016,2025-03-18,6
SKU-0016,2025-03-19,9
SKU-0016,2025-03-20,7
SKU-0016,2025-03-21,5
SKU-0016,2025-03-22,5
SKU-0016,2025-03-23,5
SKU-0016,2025-03-24,7
SKU-0016,2025-03-25,8
SKU-0016,2025-03-26,8
SKU-0016,2025-03-27,7
SKU-0016,2025-03-28,11
SKU-0016,2025-03-29,4
SKU-0016,2025-03-30,6
SKU-0016,2025-03-31,3
SKU-0016,2025-04-01,5
SKU-0016,2025-04-02,5
SKU-0016,2025-04-03,3
SKU-0016,2025-04-04,3
SKU-0016,2025-04-05,4
SKU-0016,2025-04-06,5
SKU-0016,2025-04-07,5
SKU-0016,2025-04-08,5
SKU-0016,2025-04-09,12
SKU-0016,2025-04-10,3
SKU-0016,2025-04-11,3
SKU-0016,2025-04-12,10
SKU-0016,2025-04-13,4
SKU-0016,2025-04-14,4
SKU-0016,2025-04-15,2
SKU-0016,2025-04-16,9
SKU-0016,2025-04-17,5
SKU-0016,2025-04-18,4
SKU-0016,2025-04-19,2
SKU-0016,2025-04-20,6
SKU-0016,2025-04-21,4
SKU-0016,2025-04-22,4
SKU-0016,2025-04-23,4
SKU-0016,2025-04-24,4
SKU-0016,2025-04-25,4
SKU-0016,2025-04-26,7
SKU-0016,2025-04-27,6
SKU-0016,2025-04-28,6
SKU-0016,2025-04-29,17
SKU-0016,2025-04-30,4
SKU-0016,2025-05-01,21
SKU-0016,2025-05-02,4
SKU-0016,2025-05-03,18
SKU-0016,2025-05-04,3
SKU-0016,2025-05-05,3
SKU-0016,2025-05-06,6
SKU-0016,2025-05-07,5
SKU-0016,2025-05-08,3
SKU-0016,2025-05-09,7
SKU-0016,2025-05-10,10
SKU-0016,2025-05-11,9
SKU-0016,2025-05-12,6
SKU-0016,2025-05-13,7
SKU-0016,2025-05-14,8
SKU-0016,2025-05-15,9
SKU-0016,2025-05-16,6
SKU-0016,2025-05-17,7
SKU-0016,2025-05-18,7
SKU-0016,2025-05-19,7
SKU-0016,2025-05-20,6
SKU-0016,2025-05-21,6
SKU-0016,2025-05-22,8
SKU-0016,2025-05-23,8
SKU-0016,2025-05-24,7
SKU-0016,2025-05-25,8
SKU-0016,2025-05-26,5
SKU-0016,2025-05-27,8
SKU-0016,2025-05-28,6
SKU-0016,2025-05-29,29
SKU-0016,2025-05-30,4
SKU-0016,2025-05-31,12
SKU-0016,2025-06-01,16
SKU-0016,2025-06-02,15
SKU-0016,2025-06-03,20
SKU-0016,2025-06-04,4
SKU-0016,2025-06-05,5
SKU-0016,2025-06-06,5
SKU-0016,2025-06-07,5
SKU-0016,2025-06-08,3
SKU-0016,2025-06-09,5
SKU-0016,2025-06-10,15
SKU-0016,2025-06-11,13
SKU-0016,2025-06-12,4
SKU-0016,2025-06-13,4
SKU-0016,2025-06-14,4
SKU-0016,2025-06-15,4
SKU-0016,2025-06-16,4
SKU-0016,2025-06-17,3
SKU-0016,2025-06-18,3
SKU-0016,2025-06-19,3
SKU-0016,2025-06-20,4
SKU-0016,2025-06-21,4
SKU-0016,2025-06-22,4
SKU-0016,2025-06-23,14
SKU-0016,2025-06-24,4
SKU-0016,2025-06-25,18
SKU-0016,2025-06-26,4
SKU-0016,2025-06-27,4
SKU-0016,2025-06-28,17
SKU-0016,2025-06-29,3
SKU-0017,2025-01-01,4
SKU-0017,2025-01-02,3
SKU-0017,2025-01-03,3
SKU-0017,2025-01-04,4
SKU-0017,2025-01-05,3
SKU-0017,2025-01-06,2
SKU-0017,2025-01-07,5
SKU-0017,2025-01-08,5
SKU-0017,2025-01-09,4
SKU-0017,2025-01-10,3
SKU-0017,2025-01-11,5
SKU-0017,2025-01-12,3
SKU-0017,2025-01-13,11
SKU-0017,2025-01-14,4
SKU-0017,2025-01-15,17
SKU-0017,2025-01-16,4
SKU-0017,2025-01-17,4
SKU-0017,2025-01-18,7
SKU-0017,2025-01-19,5
SKU-0017,2025-01-20,5
SKU-0017,2025-01-21,13
SKU-0017,2025-01-22,4
SKU-0017,2025-01-23,2
SKU-0017,2025-01-24,5
SKU-0017,2025-01-25,5
SKU-0017,2025-01-26,4
SKU-0017,2025-01-27,4
SKU-0017,2025-01-28,5
SKU-0017,2025-01-29,2
SKU-0017,2025-01-30,3
SKU-0017,2025-01-31,3
SKU-0017,2025-02-01,5
SKU-0017,2025-02-02,4
SKU-0017,2025-02-03,4
SKU-0017,2025-02-04,2
SKU-0017,2025-02-05,9
SKU-0017,2025-02-06,3
SKU-0017,2025-02-07,2
SKU-0017,2025-02-08,4
SKU-0017,2025-02-09,3
SKU-0017,2025-02-10,9
SKU-0017,2025-02-11,2
SKU-0017,2025-02-12,3
SKU-0017,2025-02-13,7
SKU-0017,2025-02-14,2
SKU-0017,2025-02-15,9
SKU-0017,2025-02-16,2
SKU-0017,2025-02-17,4
SKU-0017,2025-02-18,3
SKU-0017,2025-02-19,4
SKU-0017,2025-02-20,2
SKU-0017,2025-02-21,2
SKU-0017,2025-02-22,2
SKU-0017,2025-02-23,9
SKU-0017,2025-02-24,3
SKU-0017,2025-02-25,8
SKU-0017,2025-02-26,2
SKU-0017,2025-02-27,2
SKU-0017,2025-02-28,10
SKU-0017,2025-03-01,3
SKU-0017,2025-03-02,3
SKU-0017,2025-03-03,5
SKU-0017,2025-03-04,4
SKU-0017,2025-03-05,5
SKU-0017,2025-03-06,11
SKU-0017,2025-03-07,14
SKU-0017,2025-03-08,4
SKU-0017,2025-03-09,3
SKU-0017,2025-03-10,6
SKU-0017,2025-03-11,4
SKU-0017,2025-03-12,6
SKU-0017,2025-03-13,4
SKU-0017,2025-03-14,5
SKU-0017,2025-03-15,4
SKU-0017,2025-03-16,6
SKU-0017,2025-03-17,15
SKU-0017,2025-03-18,16
SKU-0017,2025-03-19,6
SKU-0017,2025-03-20,6
SKU-0017,2025-03-21,17
SKU-0017,2025-03-22,3
SKU-0017,2025-03-23,4
SKU-0017,2025-03-24,3
SKU-0017,2025-03-25,5
SKU-0017,2025-03-26,4
SKU-0017,2025-03-27,3
SKU-0017,2025-03-28,12
SKU-0017,2025-03-29,2
SKU-0017,2025-03-30,11
SKU-0017,2025-03-31,2
SKU-0017,2025-04-01,4
SKU-0017,2025-04-02,4
SKU-0017,2025-04-03,5
SKU-0017,2025-04-04,4
SKU-0017,2025-04-05,3
SKU-0017,2025-04-06,4
SKU-0017,2025-04-07,2
SKU-0017,2025-04-08,2
SKU-0017,2025-04-09,3
SKU-0017,2025-04-10,1
SKU-0017,2025-04-11,3
SKU-0017,2025-04-12,6
SKU-0017,2025-04-13,3
SKU-0017,2025-04-14,6
SKU-0017,2025-04-15,9
SKU-0017,2025-04-16,3
SKU-0017,2025-04-17,3
SKU-0017,2025-04-18,3
SKU-0017,2025-04-19,2
SKU-0017,2025-04-20,3
SKU-0017,2025-04-21,2
SKU-0017,2025-04-22,9
SKU-0017,2025-04-23,3
SKU-0017,2025-04-24,5
SKU-0017,2025-04-25,3
SKU-0017,2025-04-26,3
SKU-0017,2025-04-27,3
SKU-0017,2025-04-28,4
SKU-0017,2025-04-29,4
SKU-0017,2025-04-30,11
SKU-0017,2025-05-01,5
SKU-0017,2025-05-02,3
SKU-0017,2025-05-03,5
SKU-0017,2025-05-04,5
SKU-0017,2025-05-05,4
SKU-0017,2025-05-06,4
SKU-0017,2025-05-07,7
SKU-0017,2025-05-08,4
SKU-0017,2025-05-09,5
SKU-0017,2025-05-10,11
SKU-0017,2025-05-11,7
SKU-0017,2025-05-12,6
SKU-0017,2025-05-13,4
SKU-0017,2025-05-14,5
SKU-0017,2025-05-15,5
SKU-0017,2025-05-16,4
SKU-0017,2025-05-17,6
SKU-0017,2025-05-18,5
SKU-0017,2025-05-19,5
SKU-0017,2025-05-20,5
SKU-0017,2025-05-21,15
SKU-0017,2025-05-22,5
SKU-0017,2025-05-23,5
SKU-0017,2025-05-24,11
SKU-0017,2025-05-25,18
SKU-0017,2025-05-26,3
SKU-0017,2025-05-27,4
SKU-0017,2025-05-28,4
SKU-0017,2025-05-29,16
SKU-0017,2025-05-30,3
SKU-0017,2025-05-31,3
SKU-0017,2025-06-01,3
SKU-0017,2025-06-02,11
SKU-0017,2025-06-03,2
SKU-0017,2025-06-04,8
SKU-0017,2025-06-05,1
SKU-0017,2025-06-06,3
SKU-0017,2025-06-07,3
SKU-0017,2025-06-08,2
SKU-0017,2025-06-09,3
SKU-0017,2025-06-10,2
SKU-0017,2025-06-11,3
SKU-0017,2025-06-12,2
SKU-0017,2025-06-13,4
SKU-0017,2025-06-14,3
SKU-0017,2025-06-15,2
SKU-0017,2025-06-16,2
SKU-0017,2025-06-17,3
SKU-0017,2025-06-18,2
SKU-0017,2025-06-19,8
SKU-0017,2025-06-20,4
SKU-0017,2025-06-21,2
SKU-0017,2025-06-22,3
SKU-0017,2025-06-23,4
SKU-0017,2025-06-24,11
SKU-0017,2025-06-25,3
SKU-0017,2025-06-26,3
SKU-0017,2025-06-27,2
SKU-0017,2025-06-28,3
SKU-0017,2025-06-29,4
SKU-0018,2025-01-01,12
SKU-0018,2025-01-02,14
SKU-0018,2025-01-03,38
SKU-0018,2025-01-04,14
SKU-0018,2025-01-05,30
SKU-0018,2025-01-06,56
SKU-0018,2025-01-07,10
SKU-0018,2025-01-08,13
SKU-0018,2025-01-09,46
SKU-0018,2025-01-10,23
SKU-0018,2025-01-11,14
SKU-0018,2025-01-12,39
SKU-0018,2025-01-13,13
SKU-0018,2025-01-14,22
SKU-0018,2025-01-15,5
SKU-0018,2025-01-16,12
SKU-0018,2025-01-17,27
SKU-0018,2025-01-18,18
SKU-0018,2025-01-19,11
SKU-0018,2025-01-20,15
SKU-0018,2025-01-21,16
SKU-0018,2025-01-22,18
SKU-0018,2025-01-23,22
SKU-0018,2025-01-24,16
SKU-0018,2025-01-25,37
SKU-0018,2025-01-26,50
SKU-0018,2025-01-27,34
SKU-0018,2025-01-28,10
SKU-0018,2025-01-29,7
SKU-0018,2025-01-30,23
SKU-0018,2025-01-31,9
SKU-0018,2025-02-01,8
SKU-0018,2025-02-02,12
SKU-0018,2025-02-03,8
SKU-0018,2025-02-04,2
SKU-0018,2025-02-05,23
SKU-0018,2025-02-06,9
SKU-0018,2025-02-07,8
SKU-0018,2025-02-08,39
SKU-0018,2025-02-09,8
SKU-0018,2025-02-10,11
SKU-0018,2025-02-11,9
SKU-0018,2025-02-12,9
SKU-0018,2025-02-13,7
SKU-0018,2025-02-14,8
SKU-0018,2025-02-15,21
SKU-0018,2025-02-16,9
SKU-0018,2025-02-17,8
SKU-0018,2025-02-18,7
SKU-0018,2025-02-19,11
SKU-0018,2025-02-20,30
SKU-0018,2025-02-21,8
SKU-0018,2025-02-22,10
SKU-0018,2025-02-23,10
SKU-0018,2025-02-24,8
SKU-0018,2025-02-25,11
SKU-0018,2025-02-26,9
SKU-0018,2025-02-27,9
SKU-0018,2025-02-28,7
SKU-0018,2025-03-01,11
SKU-0018,2025-03-02,42
SKU-0018,2025-03-03,10
SKU-0018,2025-03-04,21
SKU-0018,2025-03-05,16
SKU-0018,2025-03-06,18
SKU-0018,2025-03-07,17
SKU-0018,2025-03-08,21
SKU-0018,2025-03-09,12
SKU-0018,2025-03-10,5
SKU-0018,2025-03-11,13
SKU-0018,2025-03-12,18
SKU-0018,2025-03-13,16
SKU-0018,2025-03-14,50
SKU-0018,2025-03-15,21
SKU-0018,2025-03-16,52
SKU-0018,2025-03-17,19
SKU-0018,2025-03-18,12
SKU-0018,2025-03-19,11
SKU-0018,2025-03-20,22
SKU-0018,2025-03-21,47
SKU-0018,2025-03-22,13
SKU-0018,2025-03-23,13
SKU-0018,2025-03-24,12
SKU-0018,2025-03-25,12
SKU-0018,2025-03-26,10
SKU-0018,2025-03-27,26
SKU-0018,2025-03-28,38
SKU-0018,2025-03-29,11
SKU-0018,2025-03-30,16
SKU-0018,2025-03-31,40
SKU-0018,2025-04-01,13
SKU-0018,2025-04-02,9
SKU-0018,2025-04-03,11
SKU-0018,2025-04-04,12
SKU-0018,2025-04-05,37
SKU-0018,2025-04-06,10
SKU-0018,2025-04-07,13
SKU-0018,2025-04-08,10
SKU-0018,2025-04-09,11
SKU-0018,2025-04-10,8
SKU-0018,2025-04-11,5
SKU-0018,2025-04-12,9
SKU-0018,2025-04-13,10
SKU-0018,2025-04-14,10
SKU-0018,2025-04-15,28
SKU-0018,2025-04-16,23
SKU-0018,2025-04-17,7
SKU-0018,2025-04-18,10
SKU-0018,2025-04-19,29
SKU-0018,2025-04-20,8
SKU-0018,2025-04-21,12
SKU-0018,2025-04-22,22
SKU-0018,2025-04-23,8
SKU-0018,2025-04-24,14
SKU-0018,2025-04-25,12
SKU-0018,2025-04-26,10
SKU-0018,2025-04-27,12
SKU-0018,2025-04-28,12
SKU-0018,2025-04-29,4
SKU-0018,2025-04-30,9
SKU-0018,2025-05-01,12
SKU-0018,2025-05-02,12
SKU-0018,2025-05-03,14
SKU-0018,2025-05-04,17
SKU-0018,2025-05-05,13
SKU-0018,2025-05-06,10
SKU-0018,2025-05-07,16
SKU-0018,2025-05-08,14
SKU-0018,2025-05-09,14
SKU-0018,2025-05-10,14
SKU-0018,2025-05-11,24
SKU-0018,2025-05-12,7
SKU-0018,2025-05-13,14
SKU-0018,2025-05-14,16
SKU-0018,2025-05-15,13
SKU-0018,2025-05-16,19
SKU-0018,2025-05-17,19
SKU-0018,2025-05-18,15
SKU-0018,2025-05-19,14
SKU-0018,2025-05-20,15
SKU-0018,2025-05-21,44
SKU-0018,2025-05-22,15
SKU-0018,2025-05-23,14
SKU-0018,2025-05-24,15
SKU-0018,2025-05-25,17
SKU-0018,2025-05-26,28
SKU-0018,2025-05-27,30
SKU-0018,2025-05-28,7
SKU-0018,2025-05-29,15
SKU-0018,2025-05-30,13
SKU-0018,2025-05-31,13
SKU-0018,2025-06-01,7
SKU-0018,2025-06-02,16
SKU-0018,2025-06-03,9
SKU-0018,2025-06-04,11
SKU-0018,2025-06-05,37
SKU-0018,2025-06-06,7
SKU-0018,2025-06-07,25
SKU-0018,2025-06-08,10
SKU-0018,2025-06-09,46
SKU-0018,2025-06-10,10
SKU-0018,2025-06-11,12
SKU-0018,2025-06-12,11
SKU-0018,2025-06-13,9
SKU-0018,2025-06-14,6
SKU-0018,2025-06-15,11
SKU-0018,2025-06-16,5
SKU-0018,2025-06-17,12
SKU-0018,2025-06-18,9
SKU-0018,2025-06-19,3
SKU-0018,2025-06-20,8
SKU-0018,2025-06-21,11
SKU-0018,2025-06-22,9
SKU-0018,2025-06-23,12
SKU-0018,2025-06-24,8
SKU-0018,2025-06-25,22
SKU-0018,2025-06-26,11
SKU-0018,2025-06-27,11
SKU-0018,2025-06-28,11
SKU-0018,2025-06-29,16
SKU-0019,2025-01-01,13
SKU-0019,2025-01-02,7
SKU-0019,2025-01-03,4
SKU-0019,2025-01-04,5
SKU-0019,2025-01-05,15
SKU-0019,2025-01-06,6
SKU-0019,2025-01-07,9
SKU-0019,2025-01-08,8
SKU-0019,2025-01-09,8
SKU-0019,2025-01-10,5
SKU-0019,2025-01-11,7
SKU-0019,2025-01-12,8
SKU-0019,2025-01-13,20
SKU-0019,2025-01-14,7
SKU-0019,2025-01-15,9
SKU-0019,2025-01-16,7
SKU-0019,2025-01-17,8
SKU-0019,2025-01-18,11
SKU-0019,2025-01-19,7
SKU-0019,2025-01-20,10
SKU-0019,2025-01-21,9
SKU-0019,2025-01-22,5
SKU-0019,2025-01-23,5
SKU-0019,2025-01-24,6
SKU-0019,2025-01-25,6
SKU-0019,2025-01-26,20
SKU-0019,2025-01-27,8
SKU-0019,2025-01-28,9
SKU-0019,2025-01-29,7
SKU-0019,2025-01-30,6
SKU-0019,2025-01-31,3
SKU-0019,2025-02-01,18
SKU-0019,2025-02-02,6
SKU-0019,2025-02-03,6
SKU-0019,2025-02-04,8
SKU-0019,2025-02-05,7
SKU-0019,2025-02-06,6
SKU-0019,2025-02-07,4
SKU-0019,2025-02-08,4
SKU-0019,2025-02-09,4
SKU-0019,2025-02-10,4
SKU-0019,2025-02-11,5
SKU-0019,2025-02-12,5
SKU-0019,2025-02-13,9
SKU-0019,2025-02-14,6
SKU-0019,2025-02-15,13
SKU-0019,2025-02-16,2
SKU-0019,2025-02-17,4
SKU-0019,2025-02-18,5
SKU-0019,2025-02-19,5
SKU-0019,2025-02-20,4
SKU-0019,2025-02-21,6
SKU-0019,2025-02-22,5
SKU-0019,2025-02-23,3
SKU-0019,2025-02-24,10
SKU-0019,2025-02-25,7
SKU-0019,2025-02-26,7
SKU-0019,2025-02-27,6
SKU-0019,2025-02-28,24
SKU-0019,2025-03-01,7
SKU-0019,2025-03-02,7
SKU-0019,2025-03-03,5
SKU-0019,2025-03-04,9
SKU-0019,2025-03-05,8
SKU-0019,2025-03-06,6
SKU-0019,2025-03-07,6
SKU-0019,2025-03-08,23
SKU-0019,2025-03-09,4
SKU-0019,2025-03-10,9
SKU-0019,2025-03-11,17
SKU-0019,2025-03-12,8
SKU-0019,2025-03-13,7
SKU-0019,2025-03-14,7
SKU-0019,2025-03-15,6
SKU-0019,2025-03-16,23
SKU-0019,2025-03-17,12
SKU-0019,2025-03-18,32
SKU-0019,2025-03-19,9
SKU-0019,2025-03-20,8
SKU-0019,2025-03-21,28
SKU-0019,2025-03-22,10
SKU-0019,2025-03-23,18
SKU-0019,2025-03-24,7
SKU-0019,2025-03-25,4
SKU-0019,2025-03-26,9
SKU-0019,2025-03-27,10
SKU-0019,2025-03-28,7
SKU-0019,2025-03-29,3
SKU-0019,2025-03-30,7
SKU-0019,2025-03-31,5
SKU-0019,2025-04-01,5
SKU-0019,2025-04-02,7
SKU-0019,2025-04-03,6
SKU-0019,2025-04-04,5
SKU-0019,2025-04-05,4
SKU-0019,2025-04-06,5
SKU-0019,2025-04-07,4
SKU-0019,2025-04-08,3
SKU-0019,2025-04-09,13
SKU-0019,2025-04-10,5
SKU-0019,2025-04-11,4
SKU-0019,2025-04-12,3
SKU-0019,2025-04-13,5
SKU-0019,2025-04-14,1
SKU-0019,2025-04-15,4
SKU-0019,2025-04-16,4
SKU-0019,2025-04-17,13
SKU-0019,2025-04-18,5
SKU-0019,2025-04-19,6
SKU-0019,2025-04-20,4
SKU-0019,2025-04-21,5
SKU-0019,2025-04-22,5
SKU-0019,2025-04-23,3
SKU-0019,2025-04-24,7
SKU-0019,2025-04-25,10
SKU-0019,2025-04-26,17
SKU-0019,2025-04-27,6
SKU-0019,2025-04-28,18
SKU-0019,2025-04-29,5
SKU-0019,2025-04-30,7
SKU-0019,2025-05-01,4
SKU-0019,2025-05-02,6
SKU-0019,2025-05-03,6
SKU-0019,2025-05-04,6
SKU-0019,2025-05-05,8
SKU-0019,2025-05-06,9
SKU-0019,2025-05-07,7
SKU-0019,2025-05-08,9
SKU-0019,2025-05-09,8
SKU-0019,2025-05-10,6
SKU-0019,2025-05-11,7
SKU-0019,2025-05-12,7
SKU-0019,2025-05-13,6
SKU-0019,2025-05-14,9
SKU-0019,2025-05-15,8
SKU-0019,2025-05-16,5
SKU-0019,2025-05-17,14
SKU-0019,2025-05-18,9
SKU-0019,2025-05-19,6
SKU-0019,2025-05-20,8
SKU-0019,2025-05-21,27
SKU-0019,2025-05-22,5
SKU-0019,2025-05-23,14
SKU-0019,2025-05-24,10
SKU-0019,2025-05-25,23
SKU-0019,2025-05-26,6
SKU-0019,2025-05-27,5
SKU-0019,2025-05-28,6
SKU-0019,2025-05-29,4
SKU-0019,2025-05-30,7
SKU-0019,2025-05-31,5
SKU-0019,2025-06-01,7
SKU-0019,2025-06-02,5
SKU-0019,2025-06-03,12
SKU-0019,2025-06-04,5
SKU-0019,2025-06-05,2
SKU-0019,2025-06-06,5
SKU-0019,2025-06-07,5
SKU-0019,2025-06-08,6
SKU-0019,2025-06-09,2
SKU-0019,2025-06-10,6
SKU-0019,2025-06-11,16
SKU-0019,2025-06-12,6
SKU-0019,2025-06-13,4
SKU-0019,2025-06-14,5
SKU-0019,2025-06-15,8
SKU-0019,2025-06-16,15
SKU-0019,2025-06-17,3
SKU-0019,2025-06-18,3
SKU-0019,2025-06-19,3
SKU-0019,2025-06-20,14
SKU-0019,2025-06-21,4
SKU-0019,2025-06-22,5
SKU-0019,2025-06-23,3
SKU-0019,2025-06-24,7
SKU-0019,2025-06-25,7
SKU-0019,2025-06-26,7
SKU-0019,2025-06-27,4
SKU-0019,2025-06-28,6
SKU-0019,2025-06-29,8
SKU-0020,2025-01-01,16
SKU-0020,2025-01-02,15
SKU-0020,2025-01-03,16
SKU-0020,2025-01-04,23
SKU-0020,2025-01-05,11
SKU-0020,2025-01-06,20
SKU-0020,2025-01-07,28
SKU-0020,2025-01-08,16
SKU-0020,2025-01-09,21
SKU-0020,2025-01-10,14
SKU-0020,2025-01-11,30
SKU-0020,2025-01-12,21
SKU-0020,2025-01-13,22
SKU-0020,2025-01-14,29
SKU-0020,2025-01-15,77
SKU-0020,2025-01-16,17
SKU-0020,2025-01-17,55
SKU-0020,2025-01-18,74
SKU-0020,2025-01-19,18
SKU-0020,2025-01-20,10
SKU-0020,2025-01-21,21
SKU-0020,2025-01-22,13
SKU-0020,2025-01-23,29
SKU-0020,2025-01-24,21
SKU-0020,2025-01-25,15
SKU-0020,2025-01-26,16
SKU-0020,2025-01-27,10
SKU-0020,2025-01-28,13
SKU-0020,2025-01-29,22
SKU-0020,2025-01-30,27
SKU-0020,2025-01-31,20
SKU-0020,2025-02-01,16
SKU-0020,2025-02-02,14
SKU-0020,2025-02-03,12
SKU-0020,2025-02-04,22
SKU-0020,2025-02-05,14
SKU-0020,2025-02-06,21
SKU-0020,2025-02-07,18
SKU-0020,2025-02-08,7
SKU-0020,2025-02-09,32
SKU-0020,2025-02-10,10
SKU-0020,2025-02-11,12
SKU-0020,2025-02-12,12
SKU-0020,2025-02-13,21
SKU-0020,2025-02-14,26
SKU-0020,2025-02-15,13
SKU-0020,2025-02-16,14
SKU-0020,2025-02-17,12
SKU-0020,2025-02-18,12
SKU-0020,2025-02-19,9
SKU-0020,2025-02-20,13
SKU-0020,2025-02-21,15
SKU-0020,2025-02-22,14
SKU-0020,2025-02-23,47
SKU-0020,2025-02-24,19
SKU-0020,2025-02-25,18
SKU-0020,2025-02-26,46
SKU-0020,2025-02-27,11
SKU-0020,2025-02-28,14
SKU-0020,2025-03-01,16
SKU-0020,2025-03-02,54
SKU-0020,2025-03-03,16
SKU-0020,2025-03-04,14
SKU-0020,2025-03-05,13
SKU-0020,2025-03-06,11
SKU-0020,2025-03-07,18
SKU-0020,2025-03-08,13
SKU-0020,2025-03-09,46
SKU-0020,2025-03-10,19
SKU-0020,2025-03-11,14
SKU-0020,2025-03-12,23
SKU-0020,2025-03-13,26
SKU-0020,2025-03-14,19
SKU-0020,2025-03-15,20
SKU-0020,2025-03-16,75
SKU-0020,2025-03-17,18
SKU-0020,2025-03-18,18
SKU-0020,2025-03-19,85
SKU-0020,2025-03-20,26
SKU-0020,2025-03-21,74
SKU-0020,2025-03-22,26
SKU-0020,2025-03-23,32
SKU-0020,2025-03-24,82
SKU-0020,2025-03-25,22
SKU-0020,2025-03-26,25
SKU-0020,2025-03-27,21
SKU-0020,2025-03-28,19
SKU-0020,2025-03-29,17
SKU-0020,2025-03-30,19
SKU-0020,2025-03-31,16
SKU-0020,2025-04-01,61
SKU-0020,2025-04-02,10
SKU-0020,2025-04-03,40
SKU-0020,2025-04-04,23
SKU-0020,2025-04-05,37
SKU-0020,2025-04-06,13
SKU-0020,2025-04-07,11
SKU-0020,2025-04-08,43
SKU-0020,2025-04-09,11
SKU-0020,2025-04-10,12
SKU-0020,2025-04-11,45
SKU-0020,2025-04-12,30
SKU-0020,2025-04-13,14
SKU-0020,2025-04-14,14
SKU-0020,2025-04-15,15
SKU-0020,2025-04-16,12
SKU-0020,2025-04-17,22
SKU-0020,2025-04-18,15
SKU-0020,2025-04-19,40
SKU-0020,2025-04-20,10
SKU-0020,2025-04-21,12
SKU-0020,2025-04-22,18
SKU-0020,2025-04-23,19
SKU-0020,2025-04-24,19
SKU-0020,2025-04-25,17
SKU-0020,2025-04-26,10
SKU-0020,2025-04-27,17
SKU-0020,2025-04-28,32
SKU-0020,2025-04-29,10
SKU-0020,2025-04-30,18
SKU-0020,2025-05-01,20
SKU-0020,2025-05-02,22
SKU-0020,2025-05-03,21
SKU-0020,2025-05-04,21
SKU-0020,2025-05-05,44
SKU-0020,2025-05-06,19
SKU-0020,2025-05-07,13
SKU-0020,2025-05-08,10
SKU-0020,2025-05-09,25
SKU-0020,2025-05-10,17
SKU-0020,2025-05-11,26
SKU-0020,2025-05-12,28
SKU-0020,2025-05-13,18
SKU-0020,2025-05-14,25
SKU-0020,2025-05-15,18
SKU-0020,2025-05-16,12
SKU-0020,2025-05-17,23
SKU-0020,2025-05-18,19
SKU-0020,2025-05-19,19
SKU-0020,2025-05-20,96
SKU-0020,2025-05-21,13
SKU-0020,2025-05-22,23
SKU-0020,2025-05-23,15
SKU-0020,2025-05-24,25
SKU-0020,2025-05-25,21
SKU-0020,2025-05-26,21
SKU-0020,2025-05-27,14
SKU-0020,2025-05-28,15
SKU-0020,2025-05-29,22
SKU-0020,2025-05-30,25
SKU-0020,2025-05-31,18
SKU-0020,2025-06-01,12
SKU-0020,2025-06-02,17
SKU-0020,2025-06-03,24
SKU-0020,2025-06-04,15
SKU-0020,2025-06-05,19
SKU-0020,2025-06-06,11
SKU-0020,2025-06-07,13
SKU-0020,2025-06-08,44
SKU-0020,2025-06-09,41
SKU-0020,2025-06-10,30
SKU-0020,2025-06-11,10
SKU-0020,2025-06-12,15
SKU-0020,2025-06-13,15
SKU-0020,2025-06-14,16
SKU-0020,2025-06-15,52
SKU-0020,2025-06-16,37
SKU-0020,2025-06-17,33
SKU-0020,2025-06-18,16
SKU-0020,2025-06-19,15
SKU-0020,2025-06-20,10
SKU-0020,2025-06-21,29
SKU-0020,2025-06-22,45
SKU-0020,2025-06-23,13
SKU-0020,2025-06-24,43
SKU-0020,2025-06-25,19
SKU-0020,2025-06-26,18
SKU-0020,2025-06-27,63
SKU-0020,2025-06-28,8
SKU-0020,2025-06-29,18
SKU-0021,2025-01-01,36
SKU-0021,2025-01-02,15
SKU-0021,2025-01-03,7
SKU-0021,2025-01-04,12
SKU-0021,2025-01-05,9
SKU-0021,2025-01-06,15
SKU-0021,2025-01-07,16
SKU-0021,2025-01-08,18
SKU-0021,2025-01-09,12
SKU-0021,2025-01-10,52
SKU-0021,2025-01-11,57
SKU-0021,2025-01-12,25
SKU-0021,2025-01-13,17
SKU-0021,2025-01-14,54
SKU-0021,2025-01-15,14
SKU-0021,2025-01-16,10
SKU-0021,2025-01-17,54
SKU-0021,2025-01-18,10
SKU-0021,2025-01-19,14
SKU-0021,2025-01-20,42
SKU-0021,2025-01-21,17
SKU-0021,2025-01-22,12
SKU-0021,2025-01-23,11
SKU-0021,2025-01-24,14
SKU-0021,2025-01-25,16
SKU-0021,2025-01-26,61
SKU-0021,2025-01-27,8
SKU-0021,2025-01-28,13
SKU-0021,2025-01-29,9
SKU-0021,2025-01-30,43
SKU-0021,2025-01-31,9
SKU-0021,2025-02-01,9
SKU-0021,2025-02-02,9
SKU-0021,2025-02-03,30
SKU-0021,2025-02-04,32
SKU-0021,2025-02-05,11
SKU-0021,2025-02-06,27
SKU-0021,2025-02-07,6
SKU-0021,2025-02-08,10
SKU-0021,2025-02-09,25
SKU-0021,2025-02-10,11
SKU-0021,2025-02-11,7
SKU-0021,2025-02-12,5
SKU-0021,2025-02-13,8
SKU-0021,2025-02-14,10
SKU-0021,2025-02-15,8
SKU-0021,2025-02-16,22
SKU-0021,2025-02-17,6
SKU-0021,2025-02-18,12
SKU-0021,2025-02-19,18
SKU-0021,2025-02-20,7
SKU-0021,2025-02-21,10
SKU-0021,2025-02-22,5
SKU-0021,2025-02-23,12
SKU-0021,2025-02-24,11
SKU-0021,2025-02-25,12
SKU-0021,2025-02-26,34
SKU-0021,2025-02-27,30
SKU-0021,2025-02-28,8
SKU-0021,2025-03-01,32
SKU-0021,2025-03-02,9
SKU-0021,2025-03-03,39
SKU-0021,2025-03-04,14
SKU-0021,2025-03-05,17
SKU-0021,2025-03-06,14
SKU-0021,2025-03-07,16
SKU-0021,2025-03-08,12
SKU-0021,2025-03-09,12
SKU-0021,2025-03-10,15
SKU-0021,2025-03-11,13
SKU-0021,2025-03-12,15
SKU-0021,2025-03-13,11
SKU-0021,2025-03-14,11
SKU-0021,2025-03-15,17
SKU-0021,2025-03-16,18
SKU-0021,2025-03-17,11
SKU-0021,2025-03-18,17
SKU-0021,2025-03-19,13
SKU-0021,2025-03-20,14
SKU-0021,2025-03-21,19
SKU-0021,2025-03-22,17
SKU-0021,2025-03-23,17
SKU-0021,2025-03-24,20
SKU-0021,2025-03-25,11
SKU-0021,2025-03-26,10
SKU-0021,2025-03-27,31
SKU-0021,2025-03-28,12
SKU-0021,2025-03-29,5
SKU-0021,2025-03-30,11
SKU-0021,2025-03-31,30
SKU-0021,2025-04-01,40
SKU-0021,2025-04-02,12
SKU-0021,2025-04-03,9
SKU-0021,2025-04-04,11
SKU-0021,2025-04-05,34
SKU-0021,2025-04-06,8
SKU-0021,2025-04-07,24
SKU-0021,2025-04-08,4
SKU-0021,2025-04-09,6
SKU-0021,2025-04-10,7
SKU-0021,2025-04-11,25
SKU-0021,2025-04-12,6
SKU-0021,2025-04-13,21
SKU-0021,2025-04-14,16
SKU-0021,2025-04-15,8
SKU-0021,2025-04-16,26
SKU-0021,2025-04-17,26
SKU-0021,2025-04-18,8
SKU-0021,2025-04-19,15
SKU-0021,2025-04-20,7
SKU-0021,2025-04-21,8
SKU-0021,2025-04-22,8
SKU-0021,2025-04-23,9
SKU-0021,2025-04-24,12
SKU-0021,2025-04-25,11
SKU-0021,2025-04-26,7
SKU-0021,2025-04-27,12
SKU-0021,2025-04-28,12
SKU-0021,2025-04-29,9
SKU-0021,2025-04-30,13
SKU-0021,2025-05-01,33
SKU-0021,2025-05-02,8
SKU-0021,2025-05-03,14
SKU-0021,2025-05-04,39
SKU-0021,2025-05-05,36
SKU-0021,2025-05-06,39
SKU-0021,2025-05-07,11
SKU-0021,2025-05-08,16
SKU-0021,2025-05-09,14
SKU-0021,2025-05-10,44
SKU-0021,2025-05-11,16
SKU-0021,2025-05-12,10
SKU-0021,2025-05-13,11
SKU-0021,2025-05-14,7
SKU-0021,2025-05-15,50
SKU-0021,2025-05-16,30
SKU-0021,2025-05-17,45
SKU-0021,2025-05-18,47
SKU-0021,2025-05-19,16
SKU-0021,2025-05-20,30
SKU-0021,2025-05-21,41
SKU-0021,2025-05-22,20
SKU-0021,2025-05-23,19
SKU-0021,2025-05-24,50
SKU-0021,2025-05-25,14
SKU-0021,2025-05-26,9
SKU-0021,2025-05-27,15
SKU-0021,2025-05-28,11
SKU-0021,2025-05-29,13
SKU-0021,2025-05-30,9
SKU-0021,2025-05-31,31
SKU-0021,2025-06-01,11
SKU-0021,2025-06-02,11
SKU-0021,2025-06-03,11
SKU-0021,2025-06-04,8
SKU-0021,2025-06-05,6
SKU-0021,2025-06-06,13
SKU-0021,2025-06-07,43
SKU-0021,2025-06-08,9
SKU-0021,2025-06-09,6
SKU-0021,2025-06-10,7
SKU-0021,2025-06-11,9
SKU-0021,2025-06-12,32
SKU-0021,2025-06-13,5
SKU-0021,2025-06-14,8
SKU-0021,2025-06-15,8
SKU-0021,2025-06-16,10
SKU-0021,2025-06-17,7
SKU-0021,2025-06-18,5
SKU-0021,2025-06-19,10
SKU-0021,2025-06-20,11
SKU-0021,2025-06-21,9
SKU-0021,2025-06-22,10
SKU-0021,2025-06-23,8
SKU-0021,2025-06-24,23
SKU-0021,2025-06-25,12
SKU-0021,2025-06-26,11
SKU-0021,2025-06-27,35
SKU-0021,2025-06-28,15
SKU-0021,2025-06-29,8
SKU-0022,2025-01-01,21
SKU-0022,2025-01-02,20
SKU-0022,2025-01-03,20
SKU-0022,2025-01-04,20
SKU-0022,2025-01-05,14
SKU-0022,2025-01-06,79
SKU-0022,2025-01-07,26
SKU-0022,2025-01-08,91
SKU-0022,2025-01-09,67
SKU-0022,2025-01-10,38
SKU-0022,2025-01-11,24
SKU-0022,2025-01-12,21
SKU-0022,2025-01-13,20
SKU-0022,2025-01-14,15
SKU-0022,2025-01-15,113
SKU-0022,2025-01-16,109
SKU-0022,2025-01-17,31
SKU-0022,2025-01-18,63
SKU-0022,2025-01-19,39
SKU-0022,2025-01-20,73
SKU-0022,2025-01-21,25
SKU-0022,2025-01-22,35
SKU-0022,2025-01-23,30
SKU-0022,2025-01-24,39
SKU-0022,2025-01-25,26
SKU-0022,2025-01-26,22
SKU-0022,2025-01-27,20
SKU-0022,2025-01-28,12
SKU-0022,2025-01-29,21
SKU-0022,2025-01-30,28
SKU-0022,2025-01-31,24
SKU-0022,2025-02-01,20
SKU-0022,2025-02-02,15
SKU-0022,2025-02-03,20
SKU-0022,2025-02-04,69
SKU-0022,2025-02-05,59
SKU-0022,2025-02-06,18
SKU-0022,2025-02-07,13
SKU-0022,2025-02-08,20
SKU-0022,2025-02-09,10
SKU-0022,2025-02-10,17
SKU-0022,2025-02-11,25
SKU-0022,2025-02-12,28
SKU-0022,2025-02-13,14
SKU-0022,2025-02-14,44
SKU-0022,2025-02-15,13
SKU-0022,2025-02-16,18
SKU-0022,2025-02-17,17
SKU-0022,2025-02-18,16
SKU-0022,2025-02-19,18
SKU-0022,2025-02-20,16
SKU-0022,2025-02-21,29
SKU-0022,2025-02-22,51
SKU-0022,2025-02-23,18
SKU-0022,2025-02-24,10
SKU-0022,2025-02-25,47
SKU-0022,2025-02-26,24
SKU-0022,2025-02-27,13
SKU-0022,2025-02-28,9
SKU-0022,2025-03-01,62
SKU-0022,2025-03-02,28
SKU-0022,2025-03-03,66
SKU-0022,2025-03-04,21
SKU-0022,2025-03-05,37
SKU-0022,2025-03-06,26
SKU-0022,2025-03-07,28
SKU-0022,2025-03-08,14
SKU-0022,2025-03-09,97
SKU-0022,2025-03-10,31
SKU-0022,2025-03-11,101
SKU-0022,2025-03-12,30
SKU-0022,2025-03-13,93
SKU-0022,2025-03-14,30
SKU-0022,2025-03-15,33
SKU-0022,2025-03-16,15
SKU-0022,2025-03-17,17
SKU-0022,2025-03-18,22
SKU-0022,2025-03-19,78
SKU-0022,2025-03-20,29
SKU-0022,2025-03-21,29
SKU-0022,2025-03-22,33
SKU-0022,2025-03-23,33
SKU-0022,2025-03-24,20
SKU-0022,2025-03-25,26
SKU-0022,2025-03-26,19
SKU-0022,2025-03-27,23
SKU-0022,2025-03-28,25
SKU-0022,2025-03-29,3
SKU-0022,2025-03-30,105
SKU-0022,2025-03-31,73
SKU-0022,2025-04-01,18
SKU-0022,2025-04-02,89
SKU-0022,2025-04-03,18
SKU-0022,2025-04-04,58
SKU-0022,2025-04-05,16
SKU-0022,2025-04-06,25
SKU-0022,2025-04-07,16
SKU-0022,2025-04-08,17
SKU-0022,2025-04-09,62
SKU-0022,2025-04-10,18
SKU-0022,2025-04-11,15
SKU-0022,2025-04-12,19
SKU-0022,2025-04-13,24
SKU-0022,2025-04-14,16
SKU-0022,2025-04-15,15
SKU-0022,2025-04-16,15
SKU-0022,2025-04-17,59
SKU-0022,2025-04-18,38
SKU-0022,2025-04-19,14
SKU-0022,2025-04-20,9
SKU-0022,2025-04-21,11
SKU-0022,2025-04-22,14
SKU-0022,2025-04-23,49
SKU-0022,2025-04-24,25
SKU-0022,2025-04-25,20
SKU-0022,2025-04-26,14
SKU-0022,2025-04-27,15
SKU-0022,2025-04-28,26
SKU-0022,2025-04-29,26
SKU-0022,2025-04-30,21
SKU-0022,2025-05-01,19
SKU-0022,2025-05-02,28
SKU-0022,2025-05-03,17
SKU-0022,2025-05-04,26
SKU-0022,2025-05-05,37
SKU-0022,2025-05-06,77
SKU-0022,2025-05-07,20
SKU-0022,2025-05-08,28
SKU-0022,2025-05-09,23
SKU-0022,2025-05-10,17
SKU-0022,2025-05-11,31
SKU-0022,2025-05-12,34
SKU-0022,2025-05-13,75
SKU-0022,2025-05-14,25
SKU-0022,2025-05-15,21
SKU-0022,2025-05-16,26
SKU-0022,2025-05-17,23
SKU-0022,2025-05-18,60
SKU-0022,2025-05-19,39
SKU-0022,2025-05-20,88
SKU-0022,2025-05-21,30
SKU-0022,2025-05-22,31
SKU-0022,2025-05-23,90
SKU-0022,2025-05-24,22
SKU-0022,2025-05-25,26
SKU-0022,2025-05-26,22
SKU-0022,2025-05-27,76
SKU-0022,2025-05-28,24
SKU-0022,2025-05-29,59
SKU-0022,2025-05-30,14
SKU-0022,2025-05-31,63
SKU-0022,2025-06-01,56
SKU-0022,2025-06-02,10
SKU-0022,2025-06-03,21
SKU-0022,2025-06-04,22
SKU-0022,2025-06-05,28
SKU-0022,2025-06-06,15
SKU-0022,2025-06-07,14
SKU-0022,2025-06-08,11
SKU-0022,2025-06-09,16
SKU-0022,2025-06-10,16
SKU-0022,2025-06-11,36
SKU-0022,2025-06-12,14
SKU-0022,2025-06-13,7
SKU-0022,2025-06-14,18
SKU-0022,2025-06-15,12
SKU-0022,2025-06-16,15
SKU-0022,2025-06-17,10
SKU-0022,2025-06-18,13
SKU-0022,2025-06-19,43
SKU-0022,2025-06-20,16
SKU-0022,2025-06-21,18
SKU-0022,2025-06-22,23
SKU-0022,2025-06-23,20
SKU-0022,2025-06-24,22
SKU-0022,2025-06-25,25
SKU-0022,2025-06-26,65
SKU-0022,2025-06-27,19
SKU-0022,2025-06-28,25
SKU-0022,2025-06-29,80
SKU-0023,2025-01-01,21
SKU-0023,2025-01-02,58
SKU-0023,2025-01-03,22
SKU-0023,2025-01-04,10
SKU-0023,2025-01-05,12
SKU-0023,2025-01-06,24
SKU-0023,2025-01-07,19
SKU-0023,2025-01-08,28
SKU-0023,2025-01-09,12
SKU-0023,2025-01-10,27
SKU-0023,2025-01-11,17
SKU-0023,2025-01-12,28
SKU-0023,2025-01-13,123
SKU-0023,2025-01-14,10
SKU-0023,2025-01-15,27
SKU-0023,2025-01-16,13
SKU-0023,2025-01-17,25
SKU-0023,2025-01-18,22
SKU-0023,2025-01-19,23
SKU-0023,2025-01-20,17
SKU-0023,2025-01-21,27
SKU-0023,2025-01-22,14
SKU-0023,2025-01-23,28
SKU-0023,2025-01-24,19
SKU-0023,2025-01-25,13
SKU-0023,2025-01-26,28
SKU-0023,2025-01-27,19
SKU-0023,2025-01-28,28
SKU-0023,2025-01-29,24
SKU-0023,2025-01-30,15
SKU-0023,2025-01-31,17
SKU-0023,2025-02-01,18
SKU-0023,2025-02-02,23
SKU-0023,2025-02-03,18
SKU-0023,2025-02-04,48
SKU-0023,2025-02-05,43
SKU-0023,2025-02-06,14
SKU-0023,2025-02-07,19
SKU-0023,2025-02-08,14
SKU-0023,2025-02-09,12
SKU-0023,2025-02-10,11
SKU-0023,2025-02-11,33
SKU-0023,2025-02-12,8
SKU-0023,2025-02-13,10
SKU-0023,2025-02-14,17
SKU-0023,2025-02-15,35
SKU-0023,2025-02-16,15
SKU-0023,2025-02-17,5
SKU-0023,2025-02-18,43
SKU-0023,2025-02-19,37
SKU-0023,2025-02-20,35
SKU-0023,2025-02-21,42
SKU-0023,2025-02-22,36
SKU-0023,2025-02-23,20
SKU-0023,2025-02-24,18
SKU-0023,2025-02-25,16
SKU-0023,2025-02-26,14
SKU-0023,2025-02-27,12
SKU-0023,2025-02-28,11
SKU-0023,2025-03-01,55
SKU-0023,2025-03-02,75
SKU-0023,2025-03-03,19
SKU-0023,2025-03-04,12
SKU-0023,2025-03-05,21
SKU-0023,2025-03-06,20
SKU-0023,2025-03-07,75
SKU-0023,2025-03-08,72
SKU-0023,2025-03-09,5
SKU-0023,2025-03-10,74
SKU-0023,2025-03-11,17
SKU-0023,2025-03-12,43
SKU-0023,2025-03-13,22
SKU-0023,2025-03-14,25
SKU-0023,2025-03-15,13
SKU-0023,2025-03-16,27
SKU-0023,2025-03-17,27
SKU-0023,2025-03-18,70
SKU-0023,2025-03-19,18
SKU-0023,2025-03-20,17
SKU-0023,2025-03-21,28
SKU-0023,2025-03-22,14
SKU-0023,2025-03-23,83
SKU-0023,2025-03-24,21
SKU-0023,2025-03-25,21
SKU-0023,2025-03-26,12
SKU-0023,2025-03-27,19
SKU-0023,2025-03-28,68
SKU-0023,2025-03-29,13
SKU-0023,2025-03-30,21
SKU-0023,2025-03-31,55
SKU-0023,2025-04-01,15
SKU-0023,2025-04-02,61
SKU-0023,2025-04-03,22
SKU-0023,2025-04-04,17
SKU-0023,2025-04-05,21
SKU-0023,2025-04-06,20
SKU-0023,2025-04-07,16
SKU-0023,2025-04-08,13
SKU-0023,2025-04-09,11
SKU-0023,2025-04-10,12
SKU-0023,2025-04-11,15
SKU-0023,2025-04-12,10
SKU-0023,2025-04-13,45
SKU-0023,2025-04-14,19
SKU-0023,2025-04-15,12
SKU-0023,2025-04-16,8
SKU-0023,2025-04-17,25
SKU-0023,2025-04-18,15
SKU-0023,2025-04-19,13
SKU-0023,2025-04-20,16
SKU-0023,2025-04-21,11
SKU-0023,2025-04-22,49
SKU-0023,2025-04-23,13
SKU-0023,2025-04-24,12
SKU-0023,2025-04-25,13
SKU-0023,2025-04-26,11
SKU-0023,2025-04-27,24
SKU-0023,2025-04-28,16
SKU-0023,2025-04-29,59
SKU-0023,2025-04-30,45
SKU-0023,2025-05-01,13
SKU-0023,2025-05-02,17
SKU-0023,2025-05-03,24
SKU-0023,2025-05-04,17
SKU-0023,2025-05-05,16
SKU-0023,2025-05-06,21
SKU-0023,2025-05-07,24
SKU-0023,2025-05-08,30
SKU-0023,2025-05-09,24
SKU-0023,2025-05-10,77
SKU-0023,2025-05-11,26
SKU-0023,2025-05-12,16
SKU-0023,2025-05-13,17
SKU-0023,2025-05-14,17
SKU-0023,2025-05-15,46
SKU-0023,2025-05-16,28
SKU-0023,2025-05-17,74
SKU-0023,2025-05-18,23
SKU-0023,2025-05-19,8
SKU-0023,2025-05-20,34
SKU-0023,2025-05-21,17
SKU-0023,2025-05-22,33
SKU-0023,2025-05-23,14
SKU-0023,2025-05-24,17
SKU-0023,2025-05-25,9
SKU-0023,2025-05-26,22
SKU-0023,2025-05-27,14
SKU-0023,2025-05-28,41
SKU-0023,2025-05-29,36
SKU-0023,2025-05-30,64
SKU-0023,2025-05-31,20
SKU-0023,2025-06-01,73
SKU-0023,2025-06-02,13
SKU-0023,2025-06-03,16
SKU-0023,2025-06-04,10
SKU-0023,2025-06-05,13
SKU-0023,2025-06-06,37
SKU-0023,2025-06-07,15
SKU-0023,2025-06-08,50
SKU-0023,2025-06-09,49
SKU-0023,2025-06-10,10
SKU-0023,2025-06-11,16
SKU-0023,2025-06-12,12
SKU-0023,2025-06-13,11
SKU-0023,2025-06-14,10
SKU-0023,2025-06-15,11
SKU-0023,2025-06-16,54
SKU-0023,2025-06-17,14
SKU-0023,2025-06-18,13
SKU-0023,2025-06-19,37
SKU-0023,2025-06-20,22
SKU-0023,2025-06-21,18
SKU-0023,2025-06-22,12
SKU-0023,2025-06-23,14
SKU-0023,2025-06-24,14
SKU-0023,2025-06-25,16
SKU-0023,2025-06-26,40
SKU-0023,2025-06-27,18
SKU-0023,2025-06-28,23
SKU-0023,2025-06-29,12
SKU-0024,2025-01-01,7
SKU-0024,2025-01-02,9
SKU-0024,2025-01-03,12
SKU-0024,2025-01-04,7
SKU-0024,2025-01-05,9
SKU-0024,2025-01-06,27
SKU-0024,2025-01-07,28
SKU-0024,2025-01-08,6
SKU-0024,2025-01-09,13
SKU-0024,2025-01-10,8
SKU-0024,2025-01-11,13
SKU-0024,2025-01-12,9
SKU-0024,2025-01-13,27
SKU-0024,2025-01-14,14
SKU-0024,2025-01-15,13
SKU-0024,2025-01-16,33
SKU-0024,2025-01-17,13
SKU-0024,2025-01-18,10
SKU-0024,2025-01-19,10
SKU-0024,2025-01-20,26
SKU-0024,2025-01-21,38
SKU-0024,2025-01-22,8
SKU-0024,2025-01-23,41
SKU-0024,2025-01-24,9
SKU-0024,2025-01-25,10
SKU-0024,2025-01-26,11
SKU-0024,2025-01-27,9
SKU-0024,2025-01-28,25
SKU-0024,2025-01-29,9
SKU-0024,2025-01-30,10
SKU-0024,2025-01-31,7
SKU-0024,2025-02-01,23
SKU-0024,2025-02-02,8
SKU-0024,2025-02-03,9
SKU-0024,2025-02-04,7
SKU-0024,2025-02-05,10
SKU-0024,2025-02-06,6
SKU-0024,2025-02-07,6
SKU-0024,2025-02-08,6
SKU-0024,2025-02-09,4
SKU-0024,2025-02-10,4
SKU-0024,2025-02-11,15
SKU-0024,2025-02-12,7
SKU-0024,2025-02-13,6
SKU-0024,2025-02-14,15
SKU-0024,2025-02-15,7
SKU-0024,2025-02-16,8
SKU-0024,2025-02-17,8
SKU-0024,2025-02-18,5
SKU-0024,2025-02-19,5
SKU-0024,2025-02-20,9
SKU-0024,2025-02-21,7
SKU-0024,2025-02-22,6
SKU-0024,2025-02-23,23
SKU-0024,2025-02-24,8
SKU-0024,2025-02-25,6
SKU-0024,2025-02-26,8
SKU-0024,2025-02-27,9
SKU-0024,2025-02-28,16
SKU-0024,2025-03-01,8
SKU-0024,2025-03-02,6
SKU-0024,2025-03-03,6
SKU-0024,2025-03-04,8
SKU-0024,2025-03-05,10
SKU-0024,2025-03-06,8
SKU-0024,2025-03-07,8
SKU-0024,2025-03-08,10
SKU-0024,2025-03-09,7
SKU-0024,2025-03-10,33
SKU-0024,2025-03-11,13
SKU-0024,2025-03-12,10
SKU-0024,2025-03-13,30
SKU-0024,2025-03-14,11
SKU-0024,2025-03-15,16
SKU-0024,2025-03-16,12
SKU-0024,2025-03-17,56
SKU-0024,2025-03-18,31
SKU-0024,2025-03-19,10
SKU-0024,2025-03-20,12
SKU-0024,2025-03-21,15
SKU-0024,2025-03-22,13
SKU-0024,2025-03-23,5
SKU-0024,2025-03-24,11
SKU-0024,2025-03-25,16
SKU-0024,2025-03-26,11
SKU-0024,2025-03-27,7
SKU-0024,2025-03-28,10
SKU-0024,2025-03-29,6
SKU-0024,2025-03-30,11
SKU-0024,2025-03-31,19
SKU-0024,2025-04-01,25
SKU-0024,2025-04-02,18
SKU-0024,2025-04-03,6
SKU-0024,2025-04-04,10
SKU-0024,2025-04-05,7
SKU-0024,2025-04-06,6
SKU-0024,2025-04-07,5
SKU-0024,2025-04-08,3
SKU-0024,2025-04-09,4
SKU-0024,2025-04-10,6
SKU-0024,2025-04-11,7
SKU-0024,2025-04-12,15
SKU-0024,2025-04-13,24
SKU-0024,2025-04-14,14
SKU-0024,2025-04-15,5
SKU-0024,2025-04-16,4
SKU-0024,2025-04-17,7
SKU-0024,2025-04-18,9
SKU-0024,2025-04-19,10
SKU-0024,2025-04-20,5
SKU-0024,2025-04-21,8
SKU-0024,2025-04-22,4
SKU-0024,2025-04-23,7
SKU-0024,2025-04-24,9
SKU-0024,2025-04-25,7
SKU-0024,2025-04-26,8
SKU-0024,2025-04-27,32
SKU-0024,2025-04-28,11
SKU-0024,2025-04-29,23
SKU-0024,2025-04-30,7
SKU-0024,2025-05-01,6
SKU-0024,2025-05-02,11
SKU-0024,2025-05-03,17
SKU-0024,2025-05-04,8
SKU-0024,2025-05-05,10
SKU-0024,2025-05-06,8
SKU-0024,2025-05-07,10
SKU-0024,2025-05-08,49
SKU-0024,2025-05-09,10
SKU-0024,2025-05-10,9
SKU-0024,2025-05-11,13
SKU-0024,2025-05-12,11
SKU-0024,2025-05-13,14
SKU-0024,2025-05-14,11
SKU-0024,2025-05-15,10
SKU-0024,2025-05-16,6
SKU-0024,2025-05-17,6
SKU-0024,2025-05-18,6
SKU-0024,2025-05-19,11
SKU-0024,2025-05-20,7
SKU-0024,2025-05-21,13
SKU-0024,2025-05-22,10
SKU-0024,2025-05-23,9
SKU-0024,2025-05-24,23
SKU-0024,2025-05-25,11
SKU-0024,2025-05-26,7
SKU-0024,2025-05-27,7
SKU-0024,2025-05-28,11
SKU-0024,2025-05-29,9
SKU-0024,2025-05-30,23
SKU-0024,2025-05-31,28
SKU-0024,2025-06-01,8
SKU-0024,2025-06-02,8
SKU-0024,2025-06-03,6
SKU-0024,2025-06-04,11
SKU-0024,2025-06-05,17
SKU-0024,2025-06-06,9
SKU-0024,2025-06-07,6
SKU-0024,2025-06-08,7
SKU-0024,2025-06-09,7
SKU-0024,2025-06-10,8
SKU-0024,2025-06-11,5
SKU-0024,2025-06-12,7
SKU-0024,2025-06-13,8
SKU-0024,2025-06-14,5
SKU-0024,2025-06-15,17
SKU-0024,2025-06-16,15
SKU-0024,2025-06-17,5
SKU-0024,2025-06-18,8
SKU-0024,2025-06-19,5
SKU-0024,2025-06-20,5
SKU-0024,2025-06-21,9
SKU-0024,2025-06-22,8
SKU-0024,2025-06-23,10
SKU-0024,2025-06-24,6
SKU-0024,2025-06-25,7
SKU-0024,2025-06-26,6
SKU-0024,2025-06-27,8
SKU-0024,2025-06-28,4
SKU-0024,2025-06-29,29
SKU-0025,2025-01-01,14
SKU-0025,2025-01-02,25
SKU-0025,2025-01-03,23
SKU-0025,2025-01-04,38
SKU-0025,2025-01-05,32
SKU-0025,2025-01-06,28
SKU-0025,2025-01-07,26
SKU-0025,2025-01-08,26
SKU-0025,2025-01-09,19
SKU-0025,2025-01-10,15
SKU-0025,2025-01-11,21
SKU-0025,2025-01-12,79
SKU-0025,2025-01-13,13
SKU-0025,2025-01-14,23
SKU-0025,2025-01-15,76
SKU-0025,2025-01-16,77
SKU-0025,2025-01-17,23
SKU-0025,2025-01-18,25
SKU-0025,2025-01-19,38
SKU-0025,2025-01-20,31
SKU-0025,2025-01-21,23
SKU-0025,2025-01-22,25
SKU-0025,2025-01-23,25
SKU-0025,2025-01-24,20
SKU-0025,2025-01-25,20
SKU-0025,2025-01-26,30
SKU-0025,2025-01-27,21
SKU-0025,2025-01-28,50
SKU-0025,2025-01-29,22
SKU-0025,2025-01-30,22
SKU-0025,2025-01-31,11
SKU-0025,2025-02-01,20
SKU-0025,2025-02-02,24
SKU-0025,2025-02-03,21
SKU-0025,2025-02-04,28
SKU-0025,2025-02-05,23
SKU-0025,2025-02-06,23
SKU-0025,2025-02-07,28
SKU-0025,2025-02-08,19
SKU-0025,2025-02-09,49
SKU-0025,2025-02-10,19
SKU-0025,2025-02-11,13
SKU-0025,2025-02-12,46
SKU-0025,2025-02-13,12
SKU-0025,2025-02-14,16
SKU-0025,2025-02-15,12
SKU-0025,2025-02-16,12
SKU-0025,2025-02-17,16
SKU-0025,2025-02-18,14
SKU-0025,2025-02-19,24
SKU-0025,2025-02-20,30
SKU-0025,2025-02-21,34
SKU-0025,2025-02-22,13
SKU-0025,2025-02-23,19
SKU-0025,2025-02-24,18
SKU-0025,2025-02-25,68
SKU-0025,2025-02-26,22
SKU-0025,2025-02-27,24
SKU-0025,2025-02-28,23
SKU-0025,2025-03-01,22
SKU-0025,2025-03-02,27
SKU-0025,2025-03-03,27
SKU-0025,2025-03-04,25
SKU-0025,2025-03-05,30
SKU-0025,2025-03-06,10
SKU-0025,2025-03-07,22
SKU-0025,2025-03-08,23
SKU-0025,2025-03-09,33
SKU-0025,2025-03-10,36
SKU-0025,2025-03-11,17
SKU-0025,2025-03-12,36
SKU-0025,2025-03-13,57
SKU-0025,2025-03-14,19
SKU-0025,2025-03-15,76
SKU-0025,2025-03-16,75
SKU-0025,2025-03-17,17
SKU-0025,2025-03-18,31
SKU-0025,2025-03-19,32
SKU-0025,2025-03-20,34
SKU-0025,2025-03-21,24
SKU-0025,2025-03-22,26
SKU-0025,2025-03-23,26
SKU-0025,2025-03-24,36
SKU-0025,2025-03-25,7
SKU-0025,2025-03-26,19
SKU-0025,2025-03-27,24
SKU-0025,2025-03-28,17
SKU-0025,2025-03-29,21
SKU-0025,2025-03-30,21
SKU-0025,2025-03-31,18
SKU-0025,2025-04-01,21
SKU-0025,2025-04-02,23
SKU-0025,2025-04-03,18
SKU-0025,2025-04-04,17
SKU-0025,2025-04-05,52
SKU-0025,2025-04-06,52
SKU-0025,2025-04-07,10
SKU-0025,2025-04-08,18
SKU-0025,2025-04-09,14
SKU-0025,2025-04-10,21
SKU-0025,2025-04-11,18
SKU-0025,2025-04-12,19
SKU-0025,2025-04-13,11
SKU-0025,2025-04-14,13
SKU-0025,2025-04-15,10
SKU-0025,2025-04-16,12
SKU-0025,2025-04-17,19
SKU-0025,2025-04-18,20
SKU-0025,2025-04-19,11
SKU-0025,2025-04-20,14
SKU-0025,2025-04-21,15
SKU-0025,2025-04-22,18
SKU-0025,2025-04-23,9
SKU-0025,2025-04-24,10
SKU-0025,2025-04-25,20
SKU-0025,2025-04-26,9
SKU-0025,2025-04-27,17
SKU-0025,2025-04-28,20
SKU-0025,2025-04-29,22
SKU-0025,2025-04-30,20
SKU-0025,2025-05-01,19
SKU-0025,2025-05-02,27
SKU-0025,2025-05-03,24
SKU-0025,2025-05-04,19
SKU-0025,2025-05-05,72
SKU-0025,2025-05-06,27
SKU-0025,2025-05-07,107
SKU-0025,2025-05-08,30
SKU-0025,2025-05-09,34
SKU-0025,2025-05-10,22
SKU-0025,2025-05-11,69
SKU-0025,2025-05-12,25
SKU-0025,2025-05-13,78
SKU-0025,2025-05-14,20
SKU-0025,2025-05-15,107
SKU-0025,2025-05-16,33
SKU-0025,2025-05-17,25
SKU-0025,2025-05-18,31
SKU-0025,2025-05-19,28
SKU-0025,2025-05-20,93
SKU-0025,2025-05-21,17
SKU-0025,2025-05-22,74
SKU-0025,2025-05-23,25
SKU-0025,2025-05-24,86
SKU-0025,2025-05-25,61
SKU-0025,2025-05-26,9
SKU-0025,2025-05-27,17
SKU-0025,2025-05-28,22
SKU-0025,2025-05-29,22
SKU-0025,2025-05-30,30
SKU-0025,2025-05-31,23
SKU-0025,2025-06-01,20
SKU-0025,2025-06-02,19
SKU-0025,2025-06-03,24
SKU-0025,2025-06-04,15
SKU-0025,2025-06-05,17
SKU-0025,2025-06-06,37
SKU-0025,2025-06-07,22
SKU-0025,2025-06-08,17
SKU-0025,2025-06-09,13
SKU-0025,2025-06-10,15
SKU-0025,2025-06-11,17
SKU-0025,2025-06-12,14
SKU-0025,2025-06-13,13
SKU-0025,2025-06-14,37
SKU-0025,2025-06-15,48
SKU-0025,2025-06-16,13
SKU-0025,2025-06-17,13
SKU-0025,2025-06-18,30
SKU-0025,2025-06-19,16
SKU-0025,2025-06-20,15
SKU-0025,2025-06-21,45
SKU-0025,2025-06-22,18
SKU-0025,2025-06-23,20
SKU-0025,2025-06-24,21
SKU-0025,2025-06-25,21
SKU-0025,2025-06-26,18
SKU-0025,2025-06-27,17
SKU-0025,2025-06-28,45
SKU-0025,2025-06-29,18
SKU-0026,2025-01-01,23
SKU-0026,2025-01-02,24
SKU-0026,2025-01-03,31
SKU-0026,2025-01-04,83
SKU-0026,2025-01-05,19
SKU-0026,2025-01-06,17
SKU-0026,2025-01-07,47
SKU-0026,2025-01-08,33
SKU-0026,2025-01-09,20
SKU-0026,2025-01-10,34
SKU-0026,2025-01-11,29
SKU-0026,2025-01-12,28
SKU-0026,2025-01-13,24
SKU-0026,2025-01-14,30
SKU-0026,2025-01-15,26
SKU-0026,2025-01-16,24
SKU-0026,2025-01-17,31
SKU-0026,2025-01-18,25
SKU-0026,2025-01-19,62
SKU-0026,2025-01-20,30
SKU-0026,2025-01-21,75
SKU-0026,2025-01-22,28
SKU-0026,2025-01-23,66
SKU-0026,2025-01-24,17
SKU-0026,2025-01-25,102
SKU-0026,2025-01-26,32
SKU-0026,2025-01-27,28
SKU-0026,2025-01-28,20
SKU-0026,2025-01-29,20
SKU-0026,2025-01-30,28
SKU-0026,2025-01-31,55
SKU-0026,2025-02-01,16
SKU-0026,2025-02-02,83
SKU-0026,2025-02-03,18
SKU-0026,2025-02-04,25
SKU-0026,2025-02-05,11
SKU-0026,2025-02-06,19
SKU-0026,2025-02-07,24
SKU-0026,2025-02-08,47
SKU-0026,2025-02-09,43
SKU-0026,2025-02-10,11
SKU-0026,2025-02-11,19
SKU-0026,2025-02-12,12
SKU-0026,2025-02-13,14
SKU-0026,2025-02-14,10
SKU-0026,2025-02-15,20
SKU-0026,2025-02-16,18
SKU-0026,2025-02-17,43
SKU-0026,2025-02-18,10
SKU-0026,2025-02-19,61
SKU-0026,2025-02-20,14
SKU-0026,2025-02-21,11
SKU-0026,2025-02-22,9
SKU-0026,2025-02-23,14
SKU-0026,2025-02-24,32
SKU-0026,2025-02-25,15
SKU-0026,2025-02-26,21
SKU-0026,2025-02-27,17
SKU-0026,2025-02-28,21
SKU-0026,2025-03-01,16
SKU-0026,2025-03-02,21
SKU-0026,2025-03-03,31
SKU-0026,2025-03-04,20
SKU-0026,2025-03-05,73
SKU-0026,2025-03-06,14
SKU-0026,2025-03-07,97
SKU-0026,2025-03-08,21
SKU-0026,2025-03-09,31
SKU-0026,2025-03-10,72
SKU-0026,2025-03-11,87
SKU-0026,2025-03-12,90
SKU-0026,2025-03-13,23
SKU-0026,2025-03-14,100
SKU-0026,2025-03-15,21
SKU-0026,2025-03-16,94
SKU-0026,2025-03-17,71
SKU-0026,2025-03-18,29
SKU-0026,2025-03-19,23
SKU-0026,2025-03-20,79
SKU-0026,2025-03-21,19
SKU-0026,2025-03-22,27
SKU-0026,2025-03-23,25
SKU-0026,2025-03-24,64
SKU-0026,2025-03-25,24
SKU-0026,2025-03-26,73
SKU-0026,2025-03-27,19
SKU-0026,2025-03-28,22
SKU-0026,2025-03-29,16
SKU-0026,2025-03-30,34
SKU-0026,2025-03-31,26
SKU-0026,2025-04-01,21
SKU-0026,2025-04-02,25
SKU-0026,2025-04-03,9
SKU-0026,2025-04-04,7
SKU-0026,2025-04-05,16
SKU-0026,2025-04-06,11
SKU-0026,2025-04-07,46
SKU-0026,2025-04-08,17
SKU-0026,2025-04-09,19
SKU-0026,2025-04-10,11
SKU-0026,2025-04-11,16
SKU-0026,2025-04-12,15
SKU-0026,2025-04-13,16
SKU-0026,2025-04-14,12
SKU-0026,2025-04-15,19
SKU-0026,2025-04-16,14
SKU-0026,2025-04-17,21
SKU-0026,2025-04-18,35
SKU-0026,2025-04-19,17
SKU-0026,2025-04-20,15
SKU-0026,2025-04-21,14
SKU-0026,2025-04-22,18
SKU-0026,2025-04-23,15
SKU-0026,2025-04-24,6
SKU-0026,2025-04-25,4
SKU-0026,2025-04-26,23
SKU-0026,2025-04-27,24
SKU-0026,2025-04-28,28
SKU-0026,2025-04-29,19
SKU-0026,2025-04-30,14
SKU-0026,2025-05-01,18
SKU-0026,2025-05-02,21
SKU-0026,2025-05-03,16
SKU-0026,2025-05-04,95
SKU-0026,2025-05-05,108
SKU-0026,2025-05-06,26
SKU-0026,2025-05-07,72
SKU-0026,2025-05-08,50
SKU-0026,2025-05-09,35
SKU-0026,2025-05-10,26
SKU-0026,2025-05-11,24
SKU-0026,2025-05-12,87
SKU-0026,2025-05-13,67
SKU-0026,2025-05-14,82
SKU-0026,2025-05-15,17
SKU-0026,2025-05-16,33
SKU-0026,2025-05-17,25
SKU-0026,2025-05-18,34
SKU-0026,2025-05-19,74
SKU-0026,2025-05-20,25
SKU-0026,2025-05-21,18
SKU-0026,2025-05-22,30
SKU-0026,2025-05-23,19
SKU-0026,2025-05-24,21
SKU-0026,2025-05-25,23
SKU-0026,2025-05-26,23
SKU-0026,2025-05-27,13
SKU-0026,2025-05-28,61
SKU-0026,2025-05-29,25
SKU-0026,2025-05-30,18
SKU-0026,2025-05-31,19
SKU-0026,2025-06-01,20
SKU-0026,2025-06-02,18
SKU-0026,2025-06-03,13
SKU-0026,2025-06-04,17
SKU-0026,2025-06-05,21
SKU-0026,2025-06-06,12
SKU-0026,2025-06-07,14
SKU-0026,2025-06-08,10
SKU-0026,2025-06-09,19
SKU-0026,2025-06-10,14
SKU-0026,2025-06-11,11
SKU-0026,2025-06-12,15
SKU-0026,2025-06-13,10
SKU-0026,2025-06-14,10
SKU-0026,2025-06-15,9
SKU-0026,2025-06-16,31
SKU-0026,2025-06-17,19
SKU-0026,2025-06-18,12
SKU-0026,2025-06-19,17
SKU-0026,2025-06-20,12
SKU-0026,2025-06-21,19
SKU-0026,2025-06-22,36
SKU-0026,2025-06-23,50
SKU-0026,2025-06-24,52
SKU-0026,2025-06-25,84
SKU-0026,2025-06-26,21
SKU-0026,2025-06-27,16
SKU-0026,2025-06-28,23
SKU-0026,2025-06-29,31
SKU-0027,2025-01-01,8
SKU-0027,2025-01-02,36
SKU-0027,2025-01-03,6
SKU-0027,2025-01-04,20
SKU-0027,2025-01-05,10
SKU-0027,2025-01-06,11
SKU-0027,2025-01-07,7
SKU-0027,2025-01-08,10
SKU-0027,2025-01-09,33
SKU-0027,2025-01-10,11
SKU-0027,2025-01-11,39
SKU-0027,2025-01-12,11
SKU-0027,2025-01-13,18
SKU-0027,2025-01-14,44
SKU-0027,2025-01-15,31
SKU-0027,2025-01-16,40
SKU-0027,2025-01-17,13
SKU-0027,2025-01-18,17
SKU-0027,2025-01-19,11
SKU-0027,2025-01-20,45
SKU-0027,2025-01-21,38
SKU-0027,2025-01-22,17
SKU-0027,2025-01-23,16
SKU-0027,2025-01-24,38
SKU-0027,2025-01-25,11
SKU-0027,2025-01-26,13
SKU-0027,2025-01-27,11
SKU-0027,2025-01-28,15
SKU-0027,2025-01-29,11
SKU-0027,2025-01-30,9
SKU-0027,2025-01-31,26
SKU-0027,2025-02-01,20
SKU-0027,2025-02-02,11
SKU-0027,2025-02-03,7
SKU-0027,2025-02-04,11
SKU-0027,2025-02-05,6
SKU-0027,2025-02-06,8
SKU-0027,2025-02-07,10
SKU-0027,2025-02-08,4
SKU-0027,2025-02-09,11
SKU-0027,2025-02-10,7
SKU-0027,2025-02-11,22
SKU-0027,2025-02-12,8
SKU-0027,2025-02-13,8
SKU-0027,2025-02-14,7
SKU-0027,2025-02-15,9
SKU-0027,2025-02-16,8
SKU-0027,2025-02-17,10
SKU-0027,2025-02-18,8
SKU-0027,2025-02-19,11
SKU-0027,2025-02-20,9
SKU-0027,2025-02-21,4
SKU-0027,2025-02-22,13
SKU-0027,2025-02-23,7
SKU-0027,2025-02-24,11
SKU-0027,2025-02-25,9
SKU-0027,2025-02-26,34
SKU-0027,2025-02-27,8
SKU-0027,2025-02-28,11
SKU-0027,2025-03-01,9
SKU-0027,2025-03-02,14
SKU-0027,2025-03-03,12
SKU-0027,2025-03-04,13
SKU-0027,2025-03-05,5
SKU-0027,2025-03-06,33
SKU-0027,2025-03-07,38
SKU-0027,2025-03-08,38
SKU-0027,2025-03-09,45
SKU-0027,2025-03-10,11
SKU-0027,2025-03-11,13
SKU-0027,2025-03-12,16
SKU-0027,2025-03-13,5
SKU-0027,2025-03-14,15
SKU-0027,2025-03-15,36
SKU-0027,2025-03-16,10
SKU-0027,2025-03-17,14
SKU-0027,2025-03-18,51
SKU-0027,2025-03-19,16
SKU-0027,2025-03-20,12
SKU-0027,2025-03-21,15
SKU-0027,2025-03-22,15
SKU-0027,2025-03-23,12
SKU-0027,2025-03-24,10
SKU-0027,2025-03-25,10
SKU-0027,2025-03-26,14
SKU-0027,2025-03-27,11
SKU-0027,2025-03-28,25
SKU-0027,2025-03-29,6
SKU-0027,2025-03-30,13
SKU-0027,2025-03-31,26
SKU-0027,2025-04-01,11
SKU-0027,2025-04-02,12
SKU-0027,2025-04-03,19
SKU-0027,2025-04-04,9
SKU-0027,2025-04-05,8
SKU-0027,2025-04-06,9
SKU-0027,2025-04-07,32
SKU-0027,2025-04-08,5
SKU-0027,2025-04-09,9
SKU-0027,2025-04-10,9
SKU-0027,2025-04-11,7
SKU-0027,2025-04-12,7
SKU-0027,2025-04-13,8
SKU-0027,2025-04-14,8
SKU-0027,2025-04-15,8
SKU-0027,2025-04-16,8
SKU-0027,2025-04-17,5
SKU-0027,2025-04-18,27
SKU-0027,2025-04-19,9
SKU-0027,2025-04-20,8
SKU-0027,2025-04-21,5
SKU-0027,2025-04-22,22
SKU-0027,2025-04-23,8
SKU-0027,2025-04-24,6
SKU-0027,2025-04-25,8
SKU-0027,2025-04-26,6
SKU-0027,2025-04-27,10
SKU-0027,2025-04-28,10
SKU-0027,2025-04-29,6
SKU-0027,2025-04-30,11
SKU-0027,2025-05-01,10
SKU-0027,2025-05-02,12
SKU-0027,2025-05-03,10
SKU-0027,2025-05-04,9
SKU-0027,2025-05-05,9
SKU-0027,2025-05-06,10
SKU-0027,2025-05-07,12
SKU-0027,2025-05-08,13
SKU-0027,2025-05-09,12
SKU-0027,2025-05-10,34
SKU-0027,2025-05-11,12
SKU-0027,2025-05-12,21
SKU-0027,2025-05-13,10
SKU-0027,2025-05-14,11
SKU-0027,2025-05-15,71
SKU-0027,2025-05-16,43
SKU-0027,2025-05-17,25
SKU-0027,2025-05-18,47
SKU-0027,2025-05-19,10
SKU-0027,2025-05-20,15
SKU-0027,2025-05-21,12
SKU-0027,2025-05-22,11
SKU-0027,2025-05-23,17
SKU-0027,2025-05-24,13
SKU-0027,2025-05-25,43
SKU-0027,2025-05-26,12
SKU-0027,2025-05-27,10
SKU-0027,2025-05-28,12
SKU-0027,2025-05-29,40
SKU-0027,2025-05-30,10
SKU-0027,2025-05-31,14
SKU-0027,2025-06-01,11
SKU-0027,2025-06-02,10
SKU-0027,2025-06-03,9
SKU-0027,2025-06-04,9
SKU-0027,2025-06-05,17
SKU-0027,2025-06-06,8
SKU-0027,2025-06-07,25
SKU-0027,2025-06-08,7
SKU-0027,2025-06-09,24
SKU-0027,2025-06-10,22
SKU-0027,2025-06-11,9
SKU-0027,2025-06-12,8
SKU-0027,2025-06-13,7
SKU-0027,2025-06-14,5
SKU-0027,2025-06-15,10
SKU-0027,2025-06-16,7
SKU-0027,2025-06-17,7
SKU-0027,2025-06-18,7
SKU-0027,2025-06-19,6
SKU-0027,2025-06-20,10
SKU-0027,2025-06-21,10
SKU-0027,2025-06-22,9
SKU-0027,2025-06-23,8
SKU-0027,2025-06-24,10
SKU-0027,2025-06-25,9
SKU-0027,2025-06-26,9
SKU-0027,2025-06-27,10
SKU-0027,2025-06-28,9
SKU-0027,2025-06-29,11
SKU-0028,2025-01-01,9
SKU-0028,2025-01-02,9
SKU-0028,2025-01-03,5
SKU-0028,2025-01-04,28
SKU-0028,2025-01-05,6
SKU-0028,2025-01-06,7
SKU-0028,2025-01-07,14
SKU-0028,2025-01-08,9
SKU-0028,2025-01-09,8
SKU-0028,2025-01-10,12
SKU-0028,2025-01-11,7
SKU-0028,2025-01-12,26
SKU-0028,2025-01-13,13
SKU-0028,2025-01-14,10
SKU-0028,2025-01-15,6
SKU-0028,2025-01-16,11
SKU-0028,2025-01-17,9
SKU-0028,2025-01-18,14
SKU-0028,2025-01-19,8
SKU-0028,2025-01-20,12
SKU-0028,2025-01-21,14
SKU-0028,2025-01-22,7
SKU-0028,2025-01-23,9
SKU-0028,2025-01-24,10
SKU-0028,2025-01-25,21
SKU-0028,2025-01-26,9
SKU-0028,2025-01-27,24
SKU-0028,2025-01-28,8
SKU-0028,2025-01-29,8
SKU-0028,2025-01-30,24
SKU-0028,2025-01-31,23
SKU-0028,2025-02-01,6
SKU-0028,2025-02-02,6
SKU-0028,2025-02-03,7
SKU-0028,2025-02-04,20
SKU-0028,2025-02-05,6
SKU-0028,2025-02-06,7
SKU-0028,2025-02-07,3
SKU-0028,2025-02-08,5
SKU-0028,2025-02-09,5
SKU-0028,2025-02-10,4
SKU-0028,2025-02-11,8
SKU-0028,2025-02-12,16
SKU-0028,2025-02-13,6
SKU-0028,2025-02-14,5
SKU-0028,2025-02-15,5
SKU-0028,2025-02-16,4
SKU-0028,2025-02-17,5
SKU-0028,2025-02-18,4
SKU-0028,2025-02-19,5
SKU-0028,2025-02-20,2
SKU-0028,2025-02-21,12
SKU-0028,2025-02-22,24
SKU-0028,2025-02-23,7
SKU-0028,2025-02-24,8
SKU-0028,2025-02-25,26
SKU-0028,2025-02-26,8
SKU-0028,2025-02-27,6
SKU-0028,2025-02-28,5
SKU-0028,2025-03-01,10
SKU-0028,2025-03-02,8
SKU-0028,2025-03-03,13
SKU-0028,2025-03-04,7
SKU-0028,2025-03-05,12
SKU-0028,2025-03-06,8
SKU-0028,2025-03-07,12
SKU-0028,2025-03-08,13
SKU-0028,2025-03-09,7
SKU-0028,2025-03-10,8
SKU-0028,2025-03-11,21
SKU-0028,2025-03-12,7
SKU-0028,2025-03-13,11
SKU-0028,2025-03-14,9
SKU-0028,2025-03-15,30
SKU-0028,2025-03-16,11
SKU-0028,2025-03-17,5
SKU-0028,2025-03-18,13
SKU-0028,2025-03-19,9
SKU-0028,2025-03-20,11
SKU-0028,2025-03-21,11
SKU-0028,2025-03-22,13
SKU-0028,2025-03-23,9
SKU-0028,2025-03-24,4
SKU-0028,2025-03-25,27
SKU-0028,2025-03-26,9
SKU-0028,2025-03-27,19
SKU-0028,2025-03-28,9
SKU-0028,2025-03-29,22
SKU-0028,2025-03-30,5
SKU-0028,2025-03-31,27
SKU-0028,2025-04-01,6
SKU-0028,2025-04-02,6
SKU-0028,2025-04-03,6
SKU-0028,2025-04-04,9
SKU-0028,2025-04-05,6
SKU-0028,2025-04-06,19
SKU-0028,2025-04-07,5
SKU-0028,2025-04-08,7
SKU-0028,2025-04-09,8
SKU-0028,2025-04-10,20
SKU-0028,2025-04-11,6
SKU-0028,2025-04-12,6
SKU-0028,2025-04-13,4
SKU-0028,2025-04-14,4
SKU-0028,2025-04-15,5
SKU-0028,2025-04-16,4
SKU-0028,2025-04-17,4
SKU-0028,2025-04-18,3
SKU-0028,2025-04-19,4
SKU-0028,2025-04-20,5
SKU-0028,2025-04-21,6
SKU-0028,2025-04-22,5
SKU-0028,2025-04-23,6
SKU-0028,2025-04-24,5
SKU-0028,2025-04-25,24
SKU-0028,2025-04-26,6
SKU-0028,2025-04-27,8
SKU-0028,2025-04-28,7
SKU-0028,2025-04-29,5
SKU-0028,2025-04-30,7
SKU-0028,2025-05-01,5
SKU-0028,2025-05-02,8
SKU-0028,2025-05-03,7
SKU-0028,2025-05-04,28
SKU-0028,2025-05-05,6
SKU-0028,2025-05-06,9
SKU-0028,2025-05-07,10
SKU-0028,2025-05-08,11
SKU-0028,2025-05-09,23
SKU-0028,2025-05-10,10
SKU-0028,2025-05-11,10
SKU-0028,2025-05-12,13
SKU-0028,2025-05-13,18
SKU-0028,2025-05-14,8
SKU-0028,2025-05-15,50
SKU-0028,2025-05-16,9
SKU-0028,2025-05-17,5
SKU-0028,2025-05-18,8
SKU-0028,2025-05-19,3
SKU-0028,2025-05-20,10
SKU-0028,2025-05-21,11
SKU-0028,2025-05-22,7
SKU-0028,2025-05-23,8
SKU-0028,2025-05-24,11
SKU-0028,2025-05-25,5
SKU-0028,2025-05-26,6
SKU-0028,2025-05-27,8
SKU-0028,2025-05-28,7
SKU-0028,2025-05-29,7
SKU-0028,2025-05-30,5
SKU-0028,2025-05-31,8
SKU-0028,2025-06-01,7
SKU-0028,2025-06-02,8
SKU-0028,2025-06-03,7
SKU-0028,2025-06-04,7
SKU-0028,2025-06-05,4
SKU-0028,2025-06-06,7
SKU-0028,2025-06-07,5
SKU-0028,2025-06-08,6
SKU-0028,2025-06-09,7
SKU-0028,2025-06-10,5
SKU-0028,2025-06-11,7
SKU-0028,2025-06-12,7
SKU-0028,2025-06-13,19
SKU-0028,2025-06-14,4
SKU-0028,2025-06-15,2
SKU-0028,2025-06-16,7
SKU-0028,2025-06-17,6
SKU-0028,2025-06-18,4
SKU-0028,2025-06-19,7
SKU-0028,2025-06-20,4
SKU-0028,2025-06-21,16
SKU-0028,2025-06-22,7
SKU-0028,2025-06-23,4
SKU-0028,2025-06-24,6
SKU-0028,2025-06-25,8
SKU-0028,2025-06-26,7
SKU-0028,2025-06-27,28
SKU-0028,2025-06-28,28
SKU-0028,2025-06-29,8
SKU-0029,2025-01-01,12
SKU-0029,2025-01-02,17
SKU-0029,2025-01-03,14
SKU-0029,2025-01-04,17
SKU-0029,2025-01-05,52
SKU-0029,2025-01-06,51
SKU-0029,2025-01-07,13
SKU-0029,2025-01-08,29
SKU-0029,2025-01-09,23
SKU-0029,2025-01-10,20
SKU-0029,2025-01-11,26
SKU-0029,2025-01-12,74
SKU-0029,2025-01-13,71
SKU-0029,2025-01-14,78
SKU-0029,2025-01-15,23
SKU-0029,2025-01-16,78
SKU-0029,2025-01-17,27
SKU-0029,2025-01-18,70
SKU-0029,2025-01-19,21
SKU-0029,2025-01-20,30
SKU-0029,2025-01-21,57
SKU-0029,2025-01-22,70
SKU-0029,2025-01-23,23
SKU-0029,2025-01-24,17
SKU-0029,2025-01-25,16
SKU-0029,2025-01-26,18
SKU-0029,2025-01-27,17
SKU-0029,2025-01-28,12
SKU-0029,2025-01-29,46
SKU-0029,2025-01-30,57
SKU-0029,2025-01-31,68
SKU-0029,2025-02-01,19
SKU-0029,2025-02-02,6
SKU-0029,2025-02-03,54
SKU-0029,2025-02-04,13
SKU-0029,2025-02-05,16
SKU-0029,2025-02-06,14
SKU-0029,2025-02-07,13
SKU-0029,2025-02-08,13
SKU-0029,2025-02-09,13
SKU-0029,2025-02-10,17
SKU-0029,2025-02-11,12
SKU-0029,2025-02-12,16
SKU-0029,2025-02-13,15
SKU-0029,2025-02-14,14
SKU-0029,2025-02-15,7
SKU-0029,2025-02-16,15
SKU-0029,2025-02-17,11
SKU-0029,2025-02-18,15
SKU-0029,2025-02-19,10
SKU-0029,2025-02-20,9
SKU-0029,2025-02-21,20
SKU-0029,2025-02-22,10
SKU-0029,2025-02-23,18
SKU-0029,2025-02-24,15
SKU-0029,2025-02-25,13
SKU-0029,2025-02-26,15
SKU-0029,2025-02-27,11
SKU-0029,2025-02-28,16
SKU-0029,2025-03-01,12
SKU-0029,2025-03-02,16
SKU-0029,2025-03-03,22
SKU-0029,2025-03-04,20
SKU-0029,2025-03-05,12
SKU-0029,2025-03-06,71
SKU-0029,2025-03-07,20
SKU-0029,2025-03-08,18
SKU-0029,2025-03-09,25
SKU-0029,2025-03-10,20
SKU-0029,2025-03-11,15
SKU-0029,2025-03-12,32
SKU-0029,2025-03-13,22
SKU-0029,2025-03-14,22
SKU-0029,2025-03-15,20
SKU-0029,2025-03-16,29
SKU-0029,2025-03-17,19
SKU-0029,2025-03-18,14
SKU-0029,2025-03-19,55
SKU-0029,2025-03-20,29
SKU-0029,2025-03-21,26
SKU-0029,2025-03-22,61
SKU-0029,2025-03-23,29
SKU-0029,2025-03-24,25
SKU-0029,2025-03-25,57
SKU-0029,2025-03-26,58
SKU-0029,2025-03-27,21
SKU-0029,2025-03-28,15
SKU-0029,2025-03-29,19
SKU-0029,2025-03-30,19
SKU-0029,2025-03-31,30
SKU-0029,2025-04-01,16
SKU-0029,2025-04-02,15
SKU-0029,2025-04-03,20
SKU-0029,2025-04-04,25
SKU-0029,2025-04-05,40
SKU-0029,2025-04-06,13
SKU-0029,2025-04-07,17
SKU-0029,2025-04-08,13
SKU-0029,2025-04-09,19
SKU-0029,2025-04-10,15
SKU-0029,2025-04-11,11
SKU-0029,2025-04-12,13
SKU-0029,2025-04-13,11
SKU-0029,2025-04-14,44
SKU-0029,2025-04-15,8
SKU-0029,2025-04-16,10
SKU-0029,2025-04-17,14
SKU-0029,2025-04-18,16
SKU-0029,2025-04-19,6
SKU-0029,2025-04-20,17
SKU-0029,2025-04-21,37
SKU-0029,2025-04-22,7
SKU-0029,2025-04-23,3
SKU-0029,2025-04-24,9
SKU-0029,2025-04-25,14
SKU-0029,2025-04-26,44
SKU-0029,2025-04-27,18
SKU-0029,2025-04-28,14
SKU-0029,2025-04-29,12
SKU-0029,2025-04-30,46
SKU-0029,2025-05-01,53
SKU-0029,2025-05-02,19
SKU-0029,2025-05-03,15
SKU-0029,2025-05-04,23
SKU-0029,2025-05-05,17
SKU-0029,2025-05-06,16
SKU-0029,2025-05-07,18
SKU-0029,2025-05-08,27
SKU-0029,2025-05-09,21
SKU-0029,2025-05-10,18
SKU-0029,2025-05-11,27
SKU-0029,2025-05-12,34
SKU-0029,2025-05-13,23
SKU-0029,2025-05-14,29
SKU-0029,2025-05-15,28
SKU-0029,2025-05-16,57
SKU-0029,2025-05-17,67
SKU-0029,2025-05-18,45
SKU-0029,2025-05-19,21
SKU-0029,2025-05-20,55
SKU-0029,2025-05-21,19
SKU-0029,2025-05-22,52
SKU-0029,2025-05-23,19
SKU-0029,2025-05-24,23
SKU-0029,2025-05-25,19
SKU-0029,2025-05-26,10
SKU-0029,2025-05-27,15
SKU-0029,2025-05-28,34
SKU-0029,2025-05-29,19
SKU-0029,2025-05-30,58
SKU-0029,2025-05-31,18
SKU-0029,2025-06-01,39
SKU-0029,2025-06-02,17
SKU-0029,2025-06-03,13
SKU-0029,2025-06-04,11
SKU-0029,2025-06-05,17
SKU-0029,2025-06-06,50
SKU-0029,2025-06-07,50
SKU-0029,2025-06-08,11
SKU-0029,2025-06-09,50
SKU-0029,2025-06-10,33
SKU-0029,2025-06-11,14
SKU-0029,2025-06-12,11
SKU-0029,2025-06-13,34
SKU-0029,2025-06-14,5
SKU-0029,2025-06-15,11
SKU-0029,2025-06-16,37
SKU-0029,2025-06-17,33
SKU-0029,2025-06-18,18
SKU-0029,2025-06-19,9
SKU-0029,2025-06-20,11
SKU-0029,2025-06-21,31
SKU-0029,2025-06-22,12
SKU-0029,2025-06-23,18
SKU-0029,2025-06-24,20
SKU-0029,2025-06-25,12
SKU-0029,2025-06-26,13
SKU-0029,2025-06-27,11
SKU-0029,2025-06-28,22
SKU-0029,2025-06-29,22
SKU-0030,2025-01-01,3
SKU-0030,2025-01-02,5
SKU-0030,2025-01-03,3
SKU-0030,2025-01-04,5
SKU-0030,2025-01-05,14
SKU-0030,2025-01-06,5
SKU-0030,2025-01-07,15
SKU-0030,2025-01-08,4
SKU-0030,2025-01-09,11
SKU-0030,2025-01-10,6
SKU-0030,2025-01-11,4
SKU-0030,2025-01-12,2
SKU-0030,2025-01-13,6
SKU-0030,2025-01-14,4
SKU-0030,2025-01-15,6
SKU-0030,2025-01-16,21
SKU-0030,2025-01-17,15
SKU-0030,2025-01-18,6
SKU-0030,2025-01-19,5
SKU-0030,2025-01-20,7
SKU-0030,2025-01-21,4
SKU-0030,2025-01-22,5
SKU-0030,2025-01-23,6
SKU-0030,2025-01-24,13
SKU-0030,2025-01-25,6
SKU-0030,2025-01-26,4
SKU-0030,2025-01-27,20
SKU-0030,2025-01-28,20
SKU-0030,2025-01-29,4
SKU-0030,2025-01-30,5
SKU-0030,2025-01-31,5
SKU-0030,2025-02-01,8
SKU-0030,2025-02-02,7
SKU-0030,2025-02-03,14
SKU-0030,2025-02-04,4
SKU-0030,2025-02-05,3
SKU-0030,2025-02-06,3
SKU-0030,2025-02-07,1
SKU-0030,2025-02-08,3
SKU-0030,2025-02-09,2
SKU-0030,2025-02-10,4
SKU-0030,2025-02-11,4
SKU-0030,2025-02-12,10
SKU-0030,2025-02-13,3
SKU-0030,2025-02-14,2
SKU-0030,2025-02-15,3
SKU-0030,2025-02-16,3
SKU-0030,2025-02-17,11
SKU-0030,2025-02-18,13
SKU-0030,2025-02-19,2
SKU-0030,2025-02-20,3
SKU-0030,2025-02-21,2
SKU-0030,2025-02-22,10
SKU-0030,2025-02-23,3
SKU-0030,2025-02-24,9
SKU-0030,2025-02-25,4
SKU-0030,2025-02-26,3
SKU-0030,2025-02-27,3
SKU-0030,2025-02-28,3
SKU-0030,2025-03-01,3
SKU-0030,2025-03-02,8
SKU-0030,2025-03-03,4
SKU-0030,2025-03-04,4
SKU-0030,2025-03-05,10
SKU-0030,2025-03-06,5
SKU-0030,2025-03-07,4
SKU-0030,2025-03-08,6
SKU-0030,2025-03-09,14
SKU-0030,2025-03-10,5
SKU-0030,2025-03-11,4
SKU-0030,2025-03-12,15
SKU-0030,2025-03-13,6
SKU-0030,2025-03-14,5
SKU-0030,2025-03-15,6
SKU-0030,2025-03-16,4
SKU-0030,2025-03-17,6
SKU-0030,2025-03-18,4
SKU-0030,2025-03-19,18
SKU-0030,2025-03-20,5
SKU-0030,2025-03-21,7
SKU-0030,2025-03-22,3
SKU-0030,2025-03-23,3
SKU-0030,2025-03-24,4
SKU-0030,2025-03-25,9
SKU-0030,2025-03-26,9
SKU-0030,2025-03-27,5
SKU-0030,2025-03-28,13
SKU-0030,2025-03-29,4
SKU-0030,2025-03-30,4
SKU-0030,2025-03-31,3
SKU-0030,2025-04-01,5
SKU-0030,2025-04-02,9
SKU-0030,2025-04-03,2
SKU-0030,2025-04-04,4
SKU-0030,2025-04-05,3
SKU-0030,2025-04-06,5
SKU-0030,2025-04-07,8
SKU-0030,2025-04-08,4
SKU-0030,2025-04-09,4
SKU-0030,2025-04-10,3
SKU-0030,2025-04-11,2
SKU-0030,2025-04-12,10
SKU-0030,2025-04-13,3
SKU-0030,2025-04-14,2
SKU-0030,2025-04-15,2
SKU-0030,2025-04-16,1
SKU-0030,2025-04-17,3
SKU-0030,2025-04-18,3
SKU-0030,2025-04-19,3
SKU-0030,2025-04-20,5
SKU-0030,2025-04-21,2
SKU-0030,2025-04-22,3
SKU-0030,2025-04-23,8
SKU-0030,2025-04-24,10
SKU-0030,2025-04-25,4
SKU-0030,2025-04-26,5
SKU-0030,2025-04-27,10
SKU-0030,2025-04-28,14
SKU-0030,2025-04-29,3
SKU-0030,2025-04-30,2
SKU-0030,2025-05-01,4
SKU-0030,2025-05-02,2
SKU-0030,2025-05-03,4
SKU-0030,2025-05-04,4
SKU-0030,2025-05-05,7
SKU-0030,2025-05-06,7
SKU-0030,2025-05-07,4
SKU-0030,2025-05-08,8
SKU-0030,2025-05-09,6
SKU-0030,2025-05-10,12
SKU-0030,2025-05-11,6
SKU-0030,2025-05-12,4
SKU-0030,2025-05-13,4
SKU-0030,2025-05-14,17
SKU-0030,2025-05-15,6
SKU-0030,2025-05-16,6
SKU-0030,2025-05-17,5
SKU-0030,2025-05-18,6
SKU-0030,2025-05-19,6
SKU-0030,2025-05-20,5
SKU-0030,2025-05-21,5
SKU-0030,2025-05-22,3
SKU-0030,2025-05-23,5
SKU-0030,2025-05-24,5
SKU-0030,2025-05-25,4
SKU-0030,2025-05-26,6
SKU-0030,2025-05-27,3
SKU-0030,2025-05-28,6
SKU-0030,2025-05-29,12
SKU-0030,2025-05-30,4
SKU-0030,2025-05-31,3
SKU-0030,2025-06-01,6
SKU-0030,2025-06-02,3
SKU-0030,2025-06-03,4
SKU-0030,2025-06-04,4
SKU-0030,2025-06-05,3
SKU-0030,2025-06-06,1
SKU-0030,2025-06-07,2
SKU-0030,2025-06-08,5
SKU-0030,2025-06-09,2
SKU-0030,2025-06-10,4
SKU-0030,2025-06-11,2
SKU-0030,2025-06-12,3
SKU-0030,2025-06-13,3
SKU-0030,2025-06-14,2
SKU-0030,2025-06-15,4
SKU-0030,2025-06-16,3
SKU-0030,2025-06-17,3
SKU-0030,2025-06-18,3
SKU-0030,2025-06-19,10
SKU-0030,2025-06-20,4
SKU-0030,2025-06-21,9
SKU-0030,2025-06-22,13
SKU-0030,2025-06-23,3
SKU-0030,2025-06-24,4
SKU-0030,2025-06-25,12
SKU-0030,2025-06-26,3
SKU-0030,2025-06-27,12
SKU-0030,2025-06-28,11
SKU-0030,2025-06-29,3
SKU-0031,2025-01-01,8
SKU-0031,2025-01-02,20
SKU-0031,2025-01-03,4
SKU-0031,2025-01-04,6
SKU-0031,2025-01-05,9
SKU-0031,2025-01-06,5
SKU-0031,2025-01-07,6
SKU-0031,2025-01-08,26
SKU-0031,2025-01-09,8
SKU-0031,2025-01-10,33
SKU-0031,2025-01-11,6
SKU-0031,2025-01-12,5
SKU-0031,2025-01-13,9
SKU-0031,2025-01-14,5
SKU-0031,2025-01-15,7
SKU-0031,2025-01-16,21
SKU-0031,2025-01-17,9
SKU-0031,2025-01-18,8
SKU-0031,2025-01-19,8
SKU-0031,2025-01-20,6
SKU-0031,2025-01-21,9
SKU-0031,2025-01-22,40
SKU-0031,2025-01-23,8
SKU-0031,2025-01-24,7
SKU-0031,2025-01-25,4
SKU-0031,2025-01-26,5
SKU-0031,2025-01-27,6
SKU-0031,2025-01-28,5
SKU-0031,2025-01-29,6
SKU-0031,2025-01-30,8
SKU-0031,2025-01-31,7
SKU-0031,2025-02-01,5
SKU-0031,2025-02-02,4
SKU-0031,2025-02-03,6
SKU-0031,2025-02-04,5
SKU-0031,2025-02-05,3
SKU-0031,2025-02-06,5
SKU-0031,2025-02-07,16
SKU-0031,2025-02-08,5
SKU-0031,2025-02-09,3
SKU-0031,2025-02-10,4
SKU-0031,2025-02-11,5
SKU-0031,2025-02-12,3
SKU-0031,2025-02-13,3
SKU-0031,2025-02-14,4
SKU-0031,2025-02-15,3
SKU-0031,2025-02-16,4
SKU-0031,2025-02-17,3
SKU-0031,2025-02-18,3
SKU-0031,2025-02-19,5
SKU-0031,2025-02-20,4
SKU-0031,2025-02-21,5
SKU-0031,2025-02-22,11
SKU-0031,2025-02-23,10
SKU-0031,2025-02-24,6
SKU-0031,2025-02-25,3
SKU-0031,2025-02-26,19
SKU-0031,2025-02-27,7
SKU-0031,2025-02-28,6
SKU-0031,2025-03-01,13
SKU-0031,2025-03-02,4
SKU-0031,2025-03-03,5
SKU-0031,2025-03-04,4
SKU-0031,2025-03-05,5
SKU-0031,2025-03-06,7
SKU-0031,2025-03-07,22
SKU-0031,2025-03-08,5
SKU-0031,2025-03-09,23
SKU-0031,2025-03-10,7
SKU-0031,2025-03-11,9
SKU-0031,2025-03-12,8
SKU-0031,2025-03-13,9
SKU-0031,2025-03-14,8
SKU-0031,2025-03-15,9
SKU-0031,2025-03-16,5
SKU-0031,2025-03-17,7
SKU-0031,2025-03-18,7
SKU-0031,2025-03-19,20
SKU-0031,2025-03-20,23
SKU-0031,2025-03-21,8
SKU-0031,2025-03-22,7
SKU-0031,2025-03-23,19
SKU-0031,2025-03-24,16
SKU-0031,2025-03-25,8
SKU-0031,2025-03-26,7
SKU-0031,2025-03-27,5
SKU-0031,2025-03-28,6
SKU-0031,2025-03-29,3
SKU-0031,2025-03-30,6
SKU-0031,2025-03-31,16
SKU-0031,2025-04-01,5
SKU-0031,2025-04-02,7
SKU-0031,2025-04-03,4
SKU-0031,2025-04-04,6
SKU-0031,2025-04-05,22
SKU-0031,2025-04-06,6
SKU-0031,2025-04-07,13
SKU-0031,2025-04-08,3
SKU-0031,2025-04-09,3
SKU-0031,2025-04-10,4
SKU-0031,2025-04-11,10
SKU-0031,2025-04-12,3
SKU-0031,2025-04-13,4
SKU-0031,2025-04-14,4
SKU-0031,2025-04-15,4
SKU-0031,2025-04-16,3
SKU-0031,2025-04-17,3
SKU-0031,2025-04-18,4
SKU-0031,2025-04-19,4
SKU-0031,2025-04-20,6
SKU-0031,2025-04-21,4
SKU-0031,2025-04-22,7
SKU-0031,2025-04-23,5
SKU-0031,2025-04-24,15
SKU-0031,2025-04-25,4
SKU-0031,2025-04-26,3
SKU-0031,2025-04-27,7
SKU-0031,2025-04-28,4
SKU-0031,2025-04-29,6
SKU-0031,2025-04-30,6
SKU-0031,2025-05-01,6
SKU-0031,2025-05-02,24
SKU-0031,2025-05-03,7
SKU-0031,2025-05-04,5
SKU-0031,2025-05-05,8
SKU-0031,2025-05-06,5
SKU-0031,2025-05-07,7
SKU-0031,2025-05-08,13
SKU-0031,2025-05-09,5
SKU-0031,2025-05-10,7
SKU-0031,2025-05-11,22
SKU-0031,2025-05-12,4
SKU-0031,2025-05-13,8
SKU-0031,2025-05-14,6
SKU-0031,2025-05-15,9
SKU-0031,2025-05-16,6
SKU-0031,2025-05-17,5
SKU-0031,2025-05-18,7
SKU-0031,2025-05-19,5
SKU-0031,2025-05-20,27
SKU-0031,2025-05-21,7
SKU-0031,2025-05-22,6
SKU-0031,2025-05-23,7
SKU-0031,2025-05-24,5
SKU-0031,2025-05-25,4
SKU-0031,2025-05-26,20
SKU-0031,2025-05-27,4
SKU-0031,2025-05-28,13
SKU-0031,2025-05-29,7
SKU-0031,2025-05-30,6
SKU-0031,2025-05-31,11
SKU-0031,2025-06-01,4
SKU-0031,2025-06-02,4
SKU-0031,2025-06-03,7
SKU-0031,2025-06-04,6
SKU-0031,2025-06-05,4
SKU-0031,2025-06-06,5
SKU-0031,2025-06-07,3
SKU-0031,2025-06-08,10
SKU-0031,2025-06-09,4
SKU-0031,2025-06-10,13
SKU-0031,2025-06-11,11
SKU-0031,2025-06-12,4
SKU-0031,2025-06-13,4
SKU-0031,2025-06-14,4
SKU-0031,2025-06-15,4
SKU-0031,2025-06-16,10
SKU-0031,2025-06-17,4
SKU-0031,2025-06-18,4
SKU-0031,2025-06-19,13
SKU-0031,2025-06-20,3
SKU-0031,2025-06-21,3
SKU-0031,2025-06-22,5
SKU-0031,2025-06-23,6
SKU-0031,2025-06-24,5
SKU-0031,2025-06-25,4
SKU-0031,2025-06-26,5
SKU-0031,2025-06-27,4
SKU-0031,2025-06-28,7
SKU-0031,2025-06-29,6
SKU-0032,2025-01-01,1
SKU-0032,2025-01-02,3
SKU-0032,2025-01-03,2
SKU-0032,2025-01-04,2
SKU-0032,2025-01-05,1
SKU-0032,2025-01-06,0
SKU-0032,2025-01-07,1
SKU-0032,2025-01-08,0
SKU-0032,2025-01-09,3
SKU-0032,2025-01-10,1
SKU-0032,2025-01-11,1
SKU-0032,2025-01-12,1
SKU-0032,2025-01-13,1
SKU-0032,2025-01-14,1
SKU-0032,2025-01-15,1
SKU-0032,2025-01-16,1
SKU-0032,2025-01-17,0
SKU-0032,2025-01-18,0
SKU-0032,2025-01-19,4
SKU-0032,2025-01-20,1
SKU-0032,2025-01-21,1
SKU-0032,2025-01-22,1
SKU-0032,2025-01-23,1
SKU-0032,2025-01-24,1
SKU-0032,2025-01-25,1
SKU-0032,2025-01-26,1
SKU-0032,2025-01-27,1
SKU-0032,2025-01-28,1
SKU-0032,2025-01-29,1
SKU-0032,2025-01-30,1
SKU-0032,2025-01-31,1
SKU-0032,2025-02-01,1
SKU-0032,2025-02-02,1
SKU-0032,2025-02-03,1
SKU-0032,2025-02-04,1
SKU-0032,2025-02-05,1
SKU-0032,2025-02-06,1
SKU-0032,2025-02-07,0
SKU-0032,2025-02-08,1
SKU-0032,2025-02-09,1
SKU-0032,2025-02-10,1
SKU-0032,2025-02-11,0
SKU-0032,2025-02-12,0
SKU-0032,2025-02-13,1
SKU-0032,2025-02-14,0
SKU-0032,2025-02-15,1
SKU-0032,2025-02-16,1
SKU-0032,2025-02-17,1
SKU-0032,2025-02-18,1
SKU-0032,2025-02-19,1
SKU-0032,2025-02-20,1
SKU-0032,2025-02-21,0
SKU-0032,2025-02-22,0
SKU-0032,2025-02-23,1
SKU-0032,2025-02-24,1
SKU-0032,2025-02-25,1
SKU-0032,2025-02-26,1
SKU-0032,2025-02-27,2
SKU-0032,2025-02-28,1
SKU-0032,2025-03-01,0
SKU-0032,2025-03-02,2
SKU-0032,2025-03-03,1
SKU-0032,2025-03-04,1
SKU-0032,2025-03-05,1
SKU-0032,2025-03-06,1
SKU-0032,2025-03-07,1
SKU-0032,2025-03-08,1
SKU-0032,2025-03-09,1
SKU-0032,2025-03-10,0
SKU-0032,2025-03-11,1
SKU-0032,2025-03-12,3
SKU-0032,2025-03-13,1
SKU-0032,2025-03-14,1
SKU-0032,2025-03-15,1
SKU-0032,2025-03-16,2
SKU-0032,2025-03-17,1
SKU-0032,2025-03-18,1
SKU-0032,2025-03-19,1
SKU-0032,2025-03-20,2
SKU-0032,2025-03-21,1
SKU-0032,2025-03-22,1
SKU-0032,2025-03-23,1
SKU-0032,2025-03-24,1
SKU-0032,2025-03-25,1
SKU-0032,2025-03-26,3
SKU-0032,2025-03-27,2
SKU-0032,2025-03-28,1
SKU-0032,2025-03-29,1
SKU-0032,2025-03-30,1
SKU-0032,2025-03-31,1
SKU-0032,2025-04-01,3
SKU-0032,2025-04-02,1
SKU-0032,2025-04-03,1
SKU-0032,2025-04-04,2
SKU-0032,2025-04-05,1
SKU-0032,2025-04-06,1
SKU-0032,2025-04-07,1
SKU-0032,2025-04-08,1
SKU-0032,2025-04-09,0
SKU-0032,2025-04-10,1
SKU-0032,2025-04-11,0
SKU-0032,2025-04-12,0
SKU-0032,2025-04-13,1
SKU-0032,2025-04-14,1
SKU-0032,2025-04-15,1
SKU-0032,2025-04-16,1
SKU-0032,2025-04-17,1
SKU-0032,2025-04-18,2
SKU-0032,2025-04-19,1
SKU-0032,2025-04-20,0
SKU-0032,2025-04-21,1
SKU-0032,2025-04-22,1
SKU-0032,2025-04-23,0
SKU-0032,2025-04-24,0
SKU-0032,2025-04-25,1
SKU-0032,2025-04-26,2
SKU-0032,2025-04-27,1
SKU-0032,2025-04-28,1
SKU-0032,2025-04-29,1
SKU-0032,2025-04-30,0
SKU-0032,2025-05-01,1
SKU-0032,2025-05-02,1
SKU-0032,2025-05-03,1
SKU-0032,2025-05-04,1
SKU-0032,2025-05-05,1
SKU-0032,2025-05-06,1
SKU-0032,2025-05-07,1
SKU-0032,2025-05-08,1
SKU-0032,2025-05-09,2
SKU-0032,2025-05-10,3
SKU-0032,2025-05-11,3
SKU-0032,2025-05-12,3
SKU-0032,2025-05-13,1
SKU-0032,2025-05-14,3
SKU-0032,2025-05-15,1
SKU-0032,2025-05-16,1
SKU-0032,2025-05-17,1
SKU-0032,2025-05-18,1
SKU-0032,2025-05-19,1
SKU-0032,2025-05-20,1
SKU-0032,2025-05-21,1
SKU-0032,2025-05-22,1
SKU-0032,2025-05-23,1
SKU-0032,2025-05-24,1
SKU-0032,2025-05-25,1
SKU-0032,2025-05-26,1
SKU-0032,2025-05-27,1
SKU-0032,2025-05-28,1
SKU-0032,2025-05-29,1
SKU-0032,2025-05-30,1
SKU-0032,2025-05-31,0
SKU-0032,2025-06-01,1
SKU-0032,2025-06-02,3
SKU-0032,2025-06-03,1
SKU-0032,2025-06-04,1
SKU-0032,2025-06-05,1
SKU-0032,2025-06-06,2
SKU-0032,2025-06-07,1
SKU-0032,2025-06-08,1
SKU-0032,2025-06-09,1
SKU-0032,2025-06-10,1
SKU-0032,2025-06-11,0
SKU-0032,2025-06-12,1
SKU-0032,2025-06-13,0
SKU-0032,2025-06-14,0
SKU-0032,2025-06-15,0
SKU-0032,2025-06-16,0
SKU-0032,2025-06-17,1
SKU-0032,2025-06-18,1
SKU-0032,2025-06-19,1
SKU-0032,2025-06-20,1
SKU-0032,2025-06-21,1
SKU-0032,2025-06-22,0
SKU-0032,2025-06-23,2
SKU-0032,2025-06-24,0
SKU-0032,2025-06-25,1
SKU-0032,2025-06-26,0
SKU-0032,2025-06-27,1
SKU-0032,2025-06-28,1
SKU-0032,2025-06-29,2
SKU-0033,2025-01-01,15
SKU-0033,2025-01-02,32
SKU-0033,2025-01-03,18
SKU-0033,2025-01-04,57
SKU-0033,2025-01-05,20
SKU-0033,2025-01-06,23
SKU-0033,2025-01-07,21
SKU-0033,2025-01-08,23
SKU-0033,2025-01-09,3
SKU-0033,2025-01-10,25
SKU-0033,2025-01-11,25
SKU-0033,2025-01-12,32
SKU-0033,2025-01-13,34
SKU-0033,2025-01-14,24
SKU-0033,2025-01-15,93
SKU-0033,2025-01-16,19
SKU-0033,2025-01-17,92
SKU-0033,2025-01-18,22
SKU-0033,2025-01-19,54
SKU-0033,2025-01-20,24
SKU-0033,2025-01-21,34
SKU-0033,2025-01-22,26
SKU-0033,2025-01-23,33
SKU-0033,2025-01-24,19
SKU-0033,2025-01-25,88
SKU-0033,2025-01-26,19
SKU-0033,2025-01-27,23
SKU-0033,2025-01-28,68
SKU-0033,2025-01-29,24
SKU-0033,2025-01-30,22
SKU-0033,2025-01-31,16
SKU-0033,2025-02-01,70
SKU-0033,2025-02-02,26
SKU-0033,2025-02-03,46
SKU-0033,2025-02-04,9
SKU-0033,2025-02-05,19
SKU-0033,2025-02-06,15
SKU-0033,2025-02-07,15
SKU-0033,2025-02-08,17
SKU-0033,2025-02-09,13
SKU-0033,2025-02-10,41
SKU-0033,2025-02-11,42
SKU-0033,2025-02-12,19
SKU-0033,2025-02-13,14
SKU-0033,2025-02-14,10
SKU-0033,2025-02-15,29
SKU-0033,2025-02-16,14
SKU-0033,2025-02-17,30
SKU-0033,2025-02-18,9
SKU-0033,2025-02-19,17
SKU-0033,2025-02-20,52
SKU-0033,2025-02-21,14
SKU-0033,2025-02-22,17
SKU-0033,2025-02-23,17
SKU-0033,2025-02-24,19
SKU-0033,2025-02-25,20
SKU-0033,2025-02-26,6
SKU-0033,2025-02-27,51
SKU-0033,2025-02-28,64
SKU-0033,2025-03-01,17
SKU-0033,2025-03-02,20
SKU-0033,2025-03-03,24
SKU-0033,2025-03-04,22
SKU-0033,2025-03-05,30
SKU-0033,2025-03-06,29
SKU-0033,2025-03-07,67
SKU-0033,2025-03-08,22
SKU-0033,2025-03-09,7
SKU-0033,2025-03-10,22
SKU-0033,2025-03-11,49
SKU-0033,2025-03-12,26
SKU-0033,2025-03-13,26
SKU-0033,2025-03-14,30
SKU-0033,2025-03-15,35
SKU-0033,2025-03-16,26
SKU-0033,2025-03-17,121
SKU-0033,2025-03-18,27
SKU-0033,2025-03-19,17
SKU-0033,2025-03-20,65
SKU-0033,2025-03-21,23
SKU-0033,2025-03-22,28
SKU-0033,2025-03-23,19
SKU-0033,2025-03-24,67
SKU-0033,2025-03-25,23
SKU-0033,2025-03-26,20
SKU-0033,2025-03-27,27
SKU-0033,2025-03-28,25
SKU-0033,2025-03-29,28
SKU-0033,2025-03-30,19
SKU-0033,2025-03-31,26
SKU-0033,2025-04-01,13
SKU-0033,2025-04-02,12
SKU-0033,2025-04-03,13
SKU-0033,2025-04-04,18
SKU-0033,2025-04-05,22
SKU-0033,2025-04-06,14
SKU-0033,2025-04-07,14
SKU-0033,2025-04-08,15
SKU-0033,2025-04-09,17
SKU-0033,2025-04-10,39
SKU-0033,2025-04-11,13
SKU-0033,2025-04-12,9
SKU-0033,2025-04-13,12
SKU-0033,2025-04-14,18
SKU-0033,2025-04-15,14
SKU-0033,2025-04-16,11
SKU-0033,2025-04-17,18
SKU-0033,2025-04-18,36
SKU-0033,2025-04-19,19
SKU-0033,2025-04-20,20
SKU-0033,2025-04-21,15
SKU-0033,2025-04-22,29
SKU-0033,2025-04-23,25
SKU-0033,2025-04-24,53
SKU-0033,2025-04-25,15
SKU-0033,2025-04-26,21
SKU-0033,2025-04-27,21
SKU-0033,2025-04-28,73
SKU-0033,2025-04-29,16
SKU-0033,2025-04-30,21
SKU-0033,2025-05-01,14
SKU-0033,2025-05-02,73
SKU-0033,2025-05-03,64
SKU-0033,2025-05-04,71
SKU-0033,2025-05-05,22
SKU-0033,2025-05-06,65
SKU-0033,2025-05-07,18
SKU-0033,2025-05-08,29
SKU-0033,2025-05-09,34
SKU-0033,2025-05-10,21
SKU-0033,2025-05-11,29
SKU-0033,2025-05-12,28
SKU-0033,2025-05-13,26
SKU-0033,2025-05-14,16
SKU-0033,2025-05-15,17
SKU-0033,2025-05-16,21
SKU-0033,2025-05-17,12
SKU-0033,2025-05-18,34
SKU-0033,2025-05-19,28
SKU-0033,2025-05-20,25
SKU-0033,2025-05-21,11
SKU-0033,2025-05-22,13
SKU-0033,2025-05-23,24
SKU-0033,2025-05-24,35
SKU-0033,2025-05-25,19
SKU-0033,2025-05-26,27
SKU-0033,2025-05-27,19
SKU-0033,2025-05-28,21
SKU-0033,2025-05-29,27
SKU-0033,2025-05-30,18
SKU-0033,2025-05-31,16
SKU-0033,2025-06-01,25
SKU-0033,2025-06-02,18
SKU-0033,2025-06-03,22
SKU-0033,2025-06-04,14
SKU-0033,2025-06-05,66
SKU-0033,2025-06-06,17
SKU-0033,2025-06-07,17
SKU-0033,2025-06-08,16
SKU-0033,2025-06-09,13
SKU-0033,2025-06-10,43
SKU-0033,2025-06-11,13
SKU-0033,2025-06-12,17
SKU-0033,2025-06-13,13
SKU-0033,2025-06-14,9
SKU-0033,2025-06-15,8
SKU-0033,2025-06-16,24
SKU-0033,2025-06-17,16
SKU-0033,2025-06-18,31
SKU-0033,2025-06-19,16
SKU-0033,2025-06-20,46
SKU-0033,2025-06-21,15
SKU-0033,2025-06-22,18
SKU-0033,2025-06-23,17
SKU-0033,2025-06-24,5
SKU-0033,2025-06-25,16
SKU-0033,2025-06-26,20
SKU-0033,2025-06-27,78
SKU-0033,2025-06-28,27
SKU-0033,2025-06-29,13
SKU-0034,2025-01-01,40
SKU-0034,2025-01-02,45
SKU-0034,2025-01-03,18
SKU-0034,2025-01-04,14
SKU-0034,2025-01-05,26
SKU-0034,2025-01-06,22
SKU-0034,2025-01-07,29
SKU-0034,2025-01-08,19
SKU-0034,2025-01-09,18
SKU-0034,2025-01-10,90
SKU-0034,2025-01-11,18
SKU-0034,2025-01-12,20
SKU-0034,2025-01-13,25
SKU-0034,2025-01-14,15
SKU-0034,2025-01-15,77
SKU-0034,2025-01-16,75
SKU-0034,2025-01-17,29
SKU-0034,2025-01-18,80
SKU-0034,2025-01-19,29
SKU-0034,2025-01-20,62
SKU-0034,2025-01-21,17
SKU-0034,2025-01-22,32
SKU-0034,2025-01-23,13
SKU-0034,2025-01-24,13
SKU-0034,2025-01-25,22
SKU-0034,2025-01-26,27
SKU-0034,2025-01-27,20
SKU-0034,2025-01-28,23
SKU-0034,2025-01-29,9
SKU-0034,2025-01-30,45
SKU-0034,2025-01-31,9
SKU-0034,2025-02-01,19
SKU-0034,2025-02-02,29
SKU-0034,2025-02-03,10
SKU-0034,2025-02-04,17
SKU-0034,2025-02-05,18
SKU-0034,2025-02-06,40
SKU-0034,2025-02-07,15
SKU-0034,2025-02-08,15
SKU-0034,2025-02-09,36
SKU-0034,2025-02-10,27
SKU-0034,2025-02-11,14
SKU-0034,2025-02-12,14
SKU-0034,2025-02-13,14
SKU-0034,2025-02-14,13
SKU-0034,2025-02-15,8
SKU-0034,2025-02-16,14
SKU-0034,2025-02-17,12
SKU-0034,2025-02-18,11
SKU-0034,2025-02-19,11
SKU-0034,2025-02-20,10
SKU-0034,2025-02-21,47
SKU-0034,2025-02-22,8
SKU-0034,2025-02-23,10
SKU-0034,2025-02-24,13
SKU-0034,2025-02-25,20
SKU-0034,2025-02-26,19
SKU-0034,2025-02-27,9
SKU-0034,2025-02-28,64
SKU-0034,2025-03-01,22
SKU-0034,2025-03-02,12
SKU-0034,2025-03-03,6
SKU-0034,2025-03-04,53
SKU-0034,2025-03-05,24
SKU-0034,2025-03-06,27
SKU-0034,2025-03-07,15
SKU-0034,2025-03-08,29
SKU-0034,2025-03-09,9
SKU-0034,2025-03-10,19
SKU-0034,2025-03-11,56
SKU-0034,2025-03-12,27
SKU-0034,2025-03-13,85
SKU-0034,2025-03-14,27
SKU-0034,2025-03-15,14
SKU-0034,2025-03-16,80
SKU-0034,2025-03-17,25
SKU-0034,2025-03-18,13
SKU-0034,2025-03-19,10
SKU-0034,2025-03-20,27
SKU-0034,2025-03-21,20
SKU-0034,2025-03-22,14
SKU-0034,2025-03-23,20
SKU-0034,2025-03-24,67
SKU-0034,2025-03-25,20
SKU-0034,2025-03-26,12
SKU-0034,2025-03-27,28
SKU-0034,2025-03-28,23
SKU-0034,2025-03-29,50
SKU-0034,2025-03-30,16
SKU-0034,2025-03-31,56
SKU-0034,2025-04-01,36
SKU-0034,2025-04-02,17
SKU-0034,2025-04-03,31
SKU-0034,2025-04-04,15
SKU-0034,2025-04-05,10
SKU-0034,2025-04-06,10
SKU-0034,2025-04-07,19
SKU-0034,2025-04-08,13
SKU-0034,2025-04-09,14
SKU-0034,2025-04-10,6
SKU-0034,2025-04-11,10
SKU-0034,2025-04-12,13
SKU-0034,2025-04-13,12
SKU-0034,2025-04-14,5
SKU-0034,2025-04-15,37
SKU-0034,2025-04-16,13
SKU-0034,2025-04-17,16
SKU-0034,2025-04-18,10
SKU-0034,2025-04-19,5
SKU-0034,2025-04-20,9
SKU-0034,2025-04-21,27
SKU-0034,2025-04-22,15
SKU-0034,2025-04-23,4
SKU-0034,2025-04-24,12
SKU-0034,2025-04-25,57
SKU-0034,2025-04-26,15
SKU-0034,2025-04-27,18
SKU-0034,2025-04-28,9
SKU-0034,2025-04-29,10
SKU-0034,2025-04-30,23
SKU-0034,2025-05-01,53
SKU-0034,2025-05-02,18
SKU-0034,2025-05-03,13
SKU-0034,2025-05-04,19
SKU-0034,2025-05-05,14
SKU-0034,2025-05-06,25
SKU-0034,2025-05-07,34
SKU-0034,2025-05-08,69
SKU-0034,2025-05-09,17
SKU-0034,2025-05-10,8
SKU-0034,2025-05-11,37
SKU-0034,2025-05-12,30
SKU-0034,2025-05-13,16
SKU-0034,2025-05-14,20
SKU-0034,2025-05-15,25
SKU-0034,2025-05-16,30
SKU-0034,2025-05-17,21
SKU-0034,2025-05-18,19
SKU-0034,2025-05-19,65
SKU-0034,2025-05-20,18
SKU-0034,2025-05-21,18
SKU-0034,2025-05-22,68
SKU-0034,2025-05-23,21
SKU-0034,2025-05-24,30
SKU-0034,2025-05-25,22
SKU-0034,2025-05-26,24
SKU-0034,2025-05-27,14
SKU-0034,2025-05-28,20
SKU-0034,2025-05-29,14
SKU-0034,2025-05-30,19
SKU-0034,2025-05-31,19
SKU-0034,2025-06-01,48
SKU-0034,2025-06-02,74
SKU-0034,2025-06-03,20
SKU-0034,2025-06-04,19
SKU-0034,2025-06-05,17
SKU-0034,2025-06-06,19
SKU-0034,2025-06-07,8
SKU-0034,2025-06-08,17
SKU-0034,2025-06-09,9
SKU-0034,2025-06-10,10
SKU-0034,2025-06-11,14
SKU-0034,2025-06-12,16
SKU-0034,2025-06-13,8
SKU-0034,2025-06-14,10
SKU-0034,2025-06-15,12
SKU-0034,2025-06-16,11
SKU-0034,2025-06-17,15
SKU-0034,2025-06-18,23
SKU-0034,2025-06-19,41
SKU-0034,2025-06-20,10
SKU-0034,2025-06-21,9
SKU-0034,2025-06-22,12
SKU-0034,2025-06-23,11
SKU-0034,2025-06-24,16
SKU-0034,2025-06-25,16
SKU-0034,2025-06-26,13
SKU-0034,2025-06-27,24
SKU-0034,2025-06-28,13
SKU-0034,2025-06-29,16
SKU-0035,2025-01-01,18
SKU-0035,2025-01-02,19
SKU-0035,2025-01-03,19
SKU-0035,2025-01-04,19
SKU-0035,2025-01-05,15
SKU-0035,2025-01-06,23
SKU-0035,2025-01-07,70
SKU-0035,2025-01-08,22
SKU-0035,2025-01-09,22
SKU-0035,2025-01-10,31
SKU-0035,2025-01-11,19
SKU-0035,2025-01-12,30
SKU-0035,2025-01-13,56
SKU-0035,2025-01-14,88
SKU-0035,2025-01-15,30
SKU-0035,2025-01-16,21
SKU-0035,2025-01-17,33
SKU-0035,2025-01-18,26
SKU-0035,2025-01-19,18
SKU-0035,2025-01-20,21
SKU-0035,2025-01-21,29
SKU-0035,2025-01-22,27
SKU-0035,2025-01-23,16
SKU-0035,2025-01-24,21
SKU-0035,2025-01-25,22
SKU-0035,2025-01-26,18
SKU-0035,2025-01-27,32
SKU-0035,2025-01-28,20
SKU-0035,2025-01-29,19
SKU-0035,2025-01-30,24
SKU-0035,2025-01-31,16
SKU-0035,2025-02-01,21
SKU-0035,2025-02-02,10
SKU-0035,2025-02-03,14
SKU-0035,2025-02-04,20
SKU-0035,2025-02-05,21
SKU-0035,2025-02-06,12
SKU-0035,2025-02-07,11
SKU-0035,2025-02-08,16
SKU-0035,2025-02-09,11
SKU-0035,2025-02-10,37
SKU-0035,2025-02-11,16
SKU-0035,2025-02-12,33
SKU-0035,2025-02-13,6
SKU-0035,2025-02-14,8
SKU-0035,2025-02-15,12
SKU-0035,2025-02-16,7
SKU-0035,2025-02-17,35
SKU-0035,2025-02-18,8
SKU-0035,2025-02-19,18
SKU-0035,2025-02-20,20
SKU-0035,2025-02-21,10
SKU-0035,2025-02-22,15
SKU-0035,2025-02-23,11
SKU-0035,2025-02-24,14
SKU-0035,2025-02-25,22
SKU-0035,2025-02-26,14
SKU-0035,2025-02-27,15
SKU-0035,2025-02-28,13
SKU-0035,2025-03-01,22
SKU-0035,2025-03-02,3
SKU-0035,2025-03-03,16
SKU-0035,2025-03-04,19
SKU-0035,2025-03-05,16
SKU-0035,2025-03-06,24
SKU-0035,2025-03-07,27
SKU-0035,2025-03-08,14
SKU-0035,2025-03-09,33
SKU-0035,2025-03-10,14
SKU-0035,2025-03-11,29
SKU-0035,2025-03-12,23
SKU-0035,2025-03-13,20
SKU-0035,2025-03-14,21
SKU-0035,2025-03-15,23
SKU-0035,2025-03-16,24
SKU-0035,2025-03-17,18
SKU-0035,2025-03-18,65
SKU-0035,2025-03-19,19
SKU-0035,2025-03-20,16
SKU-0035,2025-03-21,54
SKU-0035,2025-03-22,48
SKU-0035,2025-03-23,59
SKU-0035,2025-03-24,24
SKU-0035,2025-03-25,65
SKU-0035,2025-03-26,31
SKU-0035,2025-03-27,9
SKU-0035,2025-03-28,22
SKU-0035,2025-03-29,19
SKU-0035,2025-03-30,67
SKU-0035,2025-03-31,21
SKU-0035,2025-04-01,50
SKU-0035,2025-04-02,18
SKU-0035,2025-04-03,13
SKU-0035,2025-04-04,18
SKU-0035,2025-04-05,8
SKU-0035,2025-04-06,18
SKU-0035,2025-04-07,14
SKU-0035,2025-04-08,37
SKU-0035,2025-04-09,13
SKU-0035,2025-04-10,13
SKU-0035,2025-04-11,52
SKU-0035,2025-04-12,23
SKU-0035,2025-04-13,16
SKU-0035,2025-04-14,11
SKU-0035,2025-04-15,14
SKU-0035,2025-04-16,15
SKU-0035,2025-04-17,29
SKU-0035,2025-04-18,9
SKU-0035,2025-04-19,13
SKU-0035,2025-04-20,16
SKU-0035,2025-04-21,8
SKU-0035,2025-04-22,11
SKU-0035,2025-04-23,16
SKU-0035,2025-04-24,15
SKU-0035,2025-04-25,20
SKU-0035,2025-04-26,10
SKU-0035,2025-04-27,25
SKU-0035,2025-04-28,10
SKU-0035,2025-04-29,25
SKU-0035,2025-04-30,17
SKU-0035,2025-05-01,39
SKU-0035,2025-05-02,19
SKU-0035,2025-05-03,19
SKU-0035,2025-05-04,56
SKU-0035,2025-05-05,16
SKU-0035,2025-05-06,23
SKU-0035,2025-05-07,20
SKU-0035,2025-05-08,28
SKU-0035,2025-05-09,21
SKU-0035,2025-05-10,51
SKU-0035,2025-05-11,13
SKU-0035,2025-05-12,22
SKU-0035,2025-05-13,16
SKU-0035,2025-05-14,46
SKU-0035,2025-05-15,26
SKU-0035,2025-05-16,13
SKU-0035,2025-05-17,93
SKU-0035,2025-05-18,24
SKU-0035,2025-05-19,22
SKU-0035,2025-05-20,17
SKU-0035,2025-05-21,26
SKU-0035,2025-05-22,22
SKU-0035,2025-05-23,18
SKU-0035,2025-05-24,22
SKU-0035,2025-05-25,12
SKU-0035,2025-05-26,12
SKU-0035,2025-05-27,14
SKU-0035,2025-05-28,21
SKU-0035,2025-05-29,18
SKU-0035,2025-05-30,23
SKU-0035,2025-05-31,40
SKU-0035,2025-06-01,19
SKU-0035,2025-06-02,16
SKU-0035,2025-06-03,12
SKU-0035,2025-06-04,17
SKU-0035,2025-06-05,14
SKU-0035,2025-06-06,12
SKU-0035,2025-06-07,42
SKU-0035,2025-06-08,39
SKU-0035,2025-06-09,13
SKU-0035,2025-06-10,12
SKU-0035,2025-06-11,9
SKU-0035,2025-06-12,13
SKU-0035,2025-06-13,10
SKU-0035,2025-06-14,28
SKU-0035,2025-06-15,12
SKU-0035,2025-06-16,15
SKU-0035,2025-06-17,13
SKU-0035,2025-06-18,11
SKU-0035,2025-06-19,34
SKU-0035,2025-06-20,16
SKU-0035,2025-06-21,6
SKU-0035,2025-06-22,51
SKU-0035,2025-06-23,8
SKU-0035,2025-06-24,10
SKU-0035,2025-06-25,41
SKU-0035,2025-06-26,25
SKU-0035,2025-06-27,24
SKU-0035,2025-06-28,20
SKU-0035,2025-06-29,19
SKU-0036,2025-01-01,19
SKU-0036,2025-01-02,58
SKU-0036,2025-01-03,74
SKU-0036,2025-01-04,72
SKU-0036,2025-01-05,17
SKU-0036,2025-01-06,21
SKU-0036,2025-01-07,22
SKU-0036,2025-01-08,28
SKU-0036,2025-01-09,17
SKU-0036,2025-01-10,37
SKU-0036,2025-01-11,20
SKU-0036,2025-01-12,25
SKU-0036,2025-01-13,54
SKU-0036,2025-01-14,51
SKU-0036,2025-01-15,20
SKU-0036,2025-01-16,19
SKU-0036,2025-01-17,69
SKU-0036,2025-01-18,19
SKU-0036,2025-01-19,30
SKU-0036,2025-01-20,20
SKU-0036,2025-01-21,19
SKU-0036,2025-01-22,22
SKU-0036,2025-01-23,30
SKU-0036,2025-01-24,25
SKU-0036,2025-01-25,22
SKU-0036,2025-01-26,14
SKU-0036,2025-01-27,47
SKU-0036,2025-01-28,15
SKU-0036,2025-01-29,28
SKU-0036,2025-01-30,68
SKU-0036,2025-01-31,15
SKU-0036,2025-02-01,16
SKU-0036,2025-02-02,15
SKU-0036,2025-02-03,14
SKU-0036,2025-02-04,19
SKU-0036,2025-02-05,15
SKU-0036,2025-02-06,24
SKU-0036,2025-02-07,61
SKU-0036,2025-02-08,20
SKU-0036,2025-02-09,52
SKU-0036,2025-02-10,13
SKU-0036,2025-02-11,16
SKU-0036,2025-02-12,38
SKU-0036,2025-02-13,19
SKU-0036,2025-02-14,45
SKU-0036,2025-02-15,15
SKU-0036,2025-02-16,43
SKU-0036,2025-02-17,20
SKU-0036,2025-02-18,9
SKU-0036,2025-02-19,21
SKU-0036,2025-02-20,14
SKU-0036,2025-02-21,10
SKU-0036,2025-02-22,37
SKU-0036,2025-02-23,28
SKU-0036,2025-02-24,19
SKU-0036,2025-02-25,12
SKU-0036,2025-02-26,18
SKU-0036,2025-02-27,23
SKU-0036,2025-02-28,15
SKU-0036,2025-03-01,18
SKU-0036,2025-03-02,13
SKU-0036,2025-03-03,18
SKU-0036,2025-03-04,35
SKU-0036,2025-03-05,26
SKU-0036,2025-03-06,21
SKU-0036,2025-03-07,19
SKU-0036,2025-03-08,23
SKU-0036,2025-03-09,25
SKU-0036,2025-03-10,22
SKU-0036,2025-03-11,28
SKU-0036,2025-03-12,19
SKU-0036,2025-03-13,19
SKU-0036,2025-03-14,83
SKU-0036,2025-03-15,18
SKU-0036,2025-03-16,30
SKU-0036,2025-03-17,25
SKU-0036,2025-03-18,14
SKU-0036,2025-03-19,26
SKU-0036,2025-03-20,15
SKU-0036,2025-03-21,29
SKU-0036,2025-03-22,23
SKU-0036,2025-03-23,35
SKU-0036,2025-03-24,30
SKU-0036,2025-03-25,17
SKU-0036,2025-03-26,11
SKU-0036,2025-03-27,18
SKU-0036,2025-03-28,15
SKU-0036,2025-03-29,92
SKU-0036,2025-03-30,21
SKU-0036,2025-03-31,25
SKU-0036,2025-04-01,54
SKU-0036,2025-04-02,18
SKU-0036,2025-04-03,18
SKU-0036,2025-04-04,22
SKU-0036,2025-04-05,18
SKU-0036,2025-04-06,12
SKU-0036,2025-04-07,22
SKU-0036,2025-04-08,14
SKU-0036,2025-04-09,13
SKU-0036,2025-04-10,13
SKU-0036,2025-04-11,50
SKU-0036,2025-04-12,14
SKU-0036,2025-04-13,43
SKU-0036,2025-04-14,37
SKU-0036,2025-04-15,12
SKU-0036,2025-04-16,12
SKU-0036,2025-04-17,15
SKU-0036,2025-04-18,16
SKU-0036,2025-04-19,13
SKU-0036,2025-04-20,18
SKU-0036,2025-04-21,14
SKU-0036,2025-04-22,13
SKU-0036,2025-04-23,16
SKU-0036,2025-04-24,32
SKU-0036,2025-04-25,17
SKU-0036,2025-04-26,31
SKU-0036,2025-04-27,13
SKU-0036,2025-04-28,9
SKU-0036,2025-04-29,18
SKU-0036,2025-04-30,27
SKU-0036,2025-05-01,58
SKU-0036,2025-05-02,24
SKU-0036,2025-05-03,34
SKU-0036,2025-05-04,24
SKU-0036,2025-05-05,54
SKU-0036,2025-05-06,19
SKU-0036,2025-05-07,23
SKU-0036,2025-05-08,20
SKU-0036,2025-05-09,21
SKU-0036,2025-05-10,31
SKU-0036,2025-05-11,31
SKU-0036,2025-05-12,44
SKU-0036,2025-05-13,20
SKU-0036,2025-05-14,23
SKU-0036,2025-05-15,29
SKU-0036,2025-05-16,33
SKU-0036,2025-05-17,43
SKU-0036,2025-05-18,22
SKU-0036,2025-05-19,22
SKU-0036,2025-05-20,85
SKU-0036,2025-05-21,20
SKU-0036,2025-05-22,23
SKU-0036,2025-05-23,21
SKU-0036,2025-05-24,8
SKU-0036,2025-05-25,23
SKU-0036,2025-05-26,21
SKU-0036,2025-05-27,28
SKU-0036,2025-05-28,63
SKU-0036,2025-05-29,14
SKU-0036,2025-05-30,18
SKU-0036,2025-05-31,27
SKU-0036,2025-06-01,39
SKU-0036,2025-06-02,21
SKU-0036,2025-06-03,16
SKU-0036,2025-06-04,62
SKU-0036,2025-06-05,8
SKU-0036,2025-06-06,15
SKU-0036,2025-06-07,13
SKU-0036,2025-06-08,18
SKU-0036,2025-06-09,51
SKU-0036,2025-06-10,17
SKU-0036,2025-06-11,19
SKU-0036,2025-06-12,13
SKU-0036,2025-06-13,18
SKU-0036,2025-06-14,10
SKU-0036,2025-06-15,10
SKU-0036,2025-06-16,49
SKU-0036,2025-06-17,9
SKU-0036,2025-06-18,16
SKU-0036,2025-06-19,15
SKU-0036,2025-06-20,19
SKU-0036,2025-06-21,15
SKU-0036,2025-06-22,16
SKU-0036,2025-06-23,18
SKU-0036,2025-06-24,42
SKU-0036,2025-06-25,14
SKU-0036,2025-06-26,20
SKU-0036,2025-06-27,18
SKU-0036,2025-06-28,51
SKU-0036,2025-06-29,58
SKU-0037,2025-01-01,16
SKU-0037,2025-01-02,12
SKU-0037,2025-01-03,12
SKU-0037,2025-01-04,13
SKU-0037,2025-01-05,17
SKU-0037,2025-01-06,33
SKU-0037,2025-01-07,8
SKU-0037,2025-01-08,15
SKU-0037,2025-01-09,7
SKU-0037,2025-01-10,14
SKU-0037,2025-01-11,58
SKU-0037,2025-01-12,51
SKU-0037,2025-01-13,57
SKU-0037,2025-01-14,18
SKU-0037,2025-01-15,24
SKU-0037,2025-01-16,13
SKU-0037,2025-01-17,17
SKU-0037,2025-01-18,41
SKU-0037,2025-01-19,19
SKU-0037,2025-01-20,15
SKU-0037,2025-01-21,21
SKU-0037,2025-01-22,38
SKU-0037,2025-01-23,58
SKU-0037,2025-01-24,48
SKU-0037,2025-01-25,41
SKU-0037,2025-01-26,15
SKU-0037,2025-01-27,14
SKU-0037,2025-01-28,14
SKU-0037,2025-01-29,12
SKU-0037,2025-01-30,10
SKU-0037,2025-01-31,11
SKU-0037,2025-02-01,20
SKU-0037,2025-02-02,13
SKU-0037,2025-02-03,22
SKU-0037,2025-02-04,10
SKU-0037,2025-02-05,12
SKU-0037,2025-02-06,12
SKU-0037,2025-02-07,5
SKU-0037,2025-02-08,9
SKU-0037,2025-02-09,10
SKU-0037,2025-02-10,26
SKU-0037,2025-02-11,11
SKU-0037,2025-02-12,7
SKU-0037,2025-02-13,12
SKU-0037,2025-02-14,10
SKU-0037,2025-02-15,7
SKU-0037,2025-02-16,5
SKU-0037,2025-02-17,8
SKU-0037,2025-02-18,11
SKU-0037,2025-02-19,18
SKU-0037,2025-02-20,14
SKU-0037,2025-02-21,7
SKU-0037,2025-02-22,9
SKU-0037,2025-02-23,7
SKU-0037,2025-02-24,10
SKU-0037,2025-02-25,10
SKU-0037,2025-02-26,7
SKU-0037,2025-02-27,18
SKU-0037,2025-02-28,10
SKU-0037,2025-03-01,10
SKU-0037,2025-03-02,15
SKU-0037,2025-03-03,18
SKU-0037,2025-03-04,16
SKU-0037,2025-03-05,9
SKU-0037,2025-03-06,14
SKU-0037,2025-03-07,7
SKU-0037,2025-03-08,17
SKU-0037,2025-03-09,8
SKU-0037,2025-03-10,12
SKU-0037,2025-03-11,15
SKU-0037,2025-03-12,17
SKU-0037,2025-03-13,42
SKU-0037,2025-03-14,21
SKU-0037,2025-03-15,18
SKU-0037,2025-03-16,18
SKU-0037,2025-03-17,11
SKU-0037,2025-03-18,65
SKU-0037,2025-03-19,36
SKU-0037,2025-03-20,22
SKU-0037,2025-03-21,22
SKU-0037,2025-03-22,17
SKU-0037,2025-03-23,18
SKU-0037,2025-03-24,3
SKU-0037,2025-03-25,40
SKU-0037,2025-03-26,17
SKU-0037,2025-03-27,16
SKU-0037,2025-03-28,9
SKU-0037,2025-03-29,12
SKU-0037,2025-03-30,4
SKU-0037,2025-03-31,13
SKU-0037,2025-04-01,6
SKU-0037,2025-04-02,14
SKU-0037,2025-04-03,14
SKU-0037,2025-04-04,9
SKU-0037,2025-04-05,34
SKU-0037,2025-04-06,9
SKU-0037,2025-04-07,30
SKU-0037,2025-04-08,7
SKU-0037,2025-04-09,10
SKU-0037,2025-04-10,16
SKU-0037,2025-04-11,5
SKU-0037,2025-04-12,8
SKU-0037,2025-04-13,24
SKU-0037,2025-04-14,9
SKU-0037,2025-04-15,7
SKU-0037,2025-04-16,12
SKU-0037,2025-04-17,9
SKU-0037,2025-04-18,27
SKU-0037,2025-04-19,9
SKU-0037,2025-04-20,11
SKU-0037,2025-04-21,10
SKU-0037,2025-04-22,10
SKU-0037,2025-04-23,11
SKU-0037,2025-04-24,5
SKU-0037,2025-04-25,5
SKU-0037,2025-04-26,10
SKU-0037,2025-04-27,10
SKU-0037,2025-04-28,12
SKU-0037,2025-04-29,11
SKU-0037,2025-04-30,40
SKU-0037,2025-05-01,8
SKU-0037,2025-05-02,12
SKU-0037,2025-05-03,8
SKU-0037,2025-05-04,14
SKU-0037,2025-05-05,7
SKU-0037,2025-05-06,15
SKU-0037,2025-05-07,9
SKU-0037,2025-05-08,13
SKU-0037,2025-05-09,18
SKU-0037,2025-05-10,16
SKU-0037,2025-05-11,9
SKU-0037,2025-05-12,13
SKU-0037,2025-05-13,9
SKU-0037,2025-05-14,9
SKU-0037,2025-05-15,47
SKU-0037,2025-05-16,17
SKU-0037,2025-05-17,17
SKU-0037,2025-05-18,17
SKU-0037,2025-05-19,15
SKU-0037,2025-05-20,14
SKU-0037,2025-05-21,11
SKU-0037,2025-05-22,13
SKU-0037,2025-05-23,9
SKU-0037,2025-05-24,11
SKU-0037,2025-05-25,14
SKU-0037,2025-05-26,13
SKU-0037,2025-05-27,23
SKU-0037,2025-05-28,25
SKU-0037,2025-05-29,35
SKU-0037,2025-05-30,23
SKU-0037,2025-05-31,10
SKU-0037,2025-06-01,30
SKU-0037,2025-06-02,39
SKU-0037,2025-06-03,28
SKU-0037,2025-06-04,10
SKU-0037,2025-06-05,9
SKU-0037,2025-06-06,6
SKU-0037,2025-06-07,8
SKU-0037,2025-06-08,24
SKU-0037,2025-06-09,9
SKU-0037,2025-06-10,29
SKU-0037,2025-06-11,24
SKU-0037,2025-06-12,23
SKU-0037,2025-06-13,5
SKU-0037,2025-06-14,9
SKU-0037,2025-06-15,7
SKU-0037,2025-06-16,10
SKU-0037,2025-06-17,11
SKU-0037,2025-06-18,8
SKU-0037,2025-06-19,6
SKU-0037,2025-06-20,9
SKU-0037,2025-06-21,10
SKU-0037,2025-06-22,9
SKU-0037,2025-06-23,8
SKU-0037,2025-06-24,11
SKU-0037,2025-06-25,12
SKU-0037,2025-06-26,10
SKU-0037,2025-06-27,19
SKU-0037,2025-06-28,13
SKU-0037,2025-06-29,9
SKU-0038,2025-01-01,19
SKU-0038,2025-01-02,13
SKU-0038,2025-01-03,15
SKU-0038,2025-01-04,60
SKU-0038,2025-01-05,19
SKU-0038,2025-01-06,21
SKU-0038,2025-01-07,16
SKU-0038,2025-01-08,25
SKU-0038,2025-01-09,20
SKU-0038,2025-01-10,29
SKU-0038,2025-01-11,15
SKU-0038,2025-01-12,10
SKU-0038,2025-01-13,19
SKU-0038,2025-01-14,17
SKU-0038,2025-01-15,65
SKU-0038,2025-01-16,24
SKU-0038,2025-01-17,18
SKU-0038,2025-01-18,18
SKU-0038,2025-01-19,21
SKU-0038,2025-01-20,17
SKU-0038,2025-01-21,50
SKU-0038,2025-01-22,23
SKU-0038,2025-01-23,23
SKU-0038,2025-01-24,22
SKU-0038,2025-01-25,16
SKU-0038,2025-01-26,8
SKU-0038,2025-01-27,16
SKU-0038,2025-01-28,13
SKU-0038,2025-01-29,44
SKU-0038,2025-01-30,12
SKU-0038,2025-01-31,43
SKU-0038,2025-02-01,31
SKU-0038,2025-02-02,9
SKU-0038,2025-02-03,17
SKU-0038,2025-02-04,10
SKU-0038,2025-02-05,12
SKU-0038,2025-02-06,15
SKU-0038,2025-02-07,14
SKU-0038,2025-02-08,40
SKU-0038,2025-02-09,12
SKU-0038,2025-02-10,13
SKU-0038,2025-02-11,14
SKU-0038,2025-02-12,34
SKU-0038,2025-02-13,6
SKU-0038,2025-02-14,9
SKU-0038,2025-02-15,12
SKU-0038,2025-02-16,26
SKU-0038,2025-02-17,43
SKU-0038,2025-02-18,10
SKU-0038,2025-02-19,11
SKU-0038,2025-02-20,14
SKU-0038,2025-02-21,11
SKU-0038,2025-02-22,12
SKU-0038,2025-02-23,14
SKU-0038,2025-02-24,8
SKU-0038,2025-02-25,12
SKU-0038,2025-02-26,15
SKU-0038,2025-02-27,13
SKU-0038,2025-02-28,19
SKU-0038,2025-03-01,9
SKU-0038,2025-03-02,8
SKU-0038,2025-03-03,54
SKU-0038,2025-03-04,19
SKU-0038,2025-03-05,45
SKU-0038,2025-03-06,18
SKU-0038,2025-03-07,60
SKU-0038,2025-03-08,41
SKU-0038,2025-03-09,14
SKU-0038,2025-03-10,19
SKU-0038,2025-03-11,22
SKU-0038,2025-03-12,39
SKU-0038,2025-03-13,18
SKU-0038,2025-03-14,17
SKU-0038,2025-03-15,21
SKU-0038,2025-03-16,19
SKU-0038,2025-03-17,16
SKU-0038,2025-03-18,25
SKU-0038,2025-03-19,16
SKU-0038,2025-03-20,17
SKU-0038,2025-03-21,11
SKU-0038,2025-03-22,45
SKU-0038,2025-03-23,20
SKU-0038,2025-03-24,19
SKU-0038,2025-03-25,20
SKU-0038,2025-03-26,19
SKU-0038,2025-03-27,25
SKU-0038,2025-03-28,13
SKU-0038,2025-03-29,9
SKU-0038,2025-03-30,11
SKU-0038,2025-03-31,12
SKU-0038,2025-04-01,11
SKU-0038,2025-04-02,14
SKU-0038,2025-04-03,17
SKU-0038,2025-04-04,18
SKU-0038,2025-04-05,14
SKU-0038,2025-04-06,56
SKU-0038,2025-04-07,32
SKU-0038,2025-04-08,7
SKU-0038,2025-04-09,14
SKU-0038,2025-04-10,6
SKU-0038,2025-04-11,26
SKU-0038,2025-04-12,12
SKU-0038,2025-04-13,10
SKU-0038,2025-04-14,10
SKU-0038,2025-04-15,21
SKU-0038,2025-04-16,10
SKU-0038,2025-04-17,13
SKU-0038,2025-04-18,10
SKU-0038,2025-04-19,8
SKU-0038,2025-04-20,7
SKU-0038,2025-04-21,9
SKU-0038,2025-04-22,12
SKU-0038,2025-04-23,37
SKU-0038,2025-04-24,9
SKU-0038,2025-04-25,5
SKU-0038,2025-04-26,14
SKU-0038,2025-04-27,10
SKU-0038,2025-04-28,16
SKU-0038,2025-04-29,11
SKU-0038,2025-04-30,11
SKU-0038,2025-05-01,15
SKU-0038,2025-05-02,24
SKU-0038,2025-05-03,56
SKU-0038,2025-05-04,17
SKU-0038,2025-05-05,18
SKU-0038,2025-05-06,9
SKU-0038,2025-05-07,37
SKU-0038,2025-05-08,7
SKU-0038,2025-05-09,26
SKU-0038,2025-05-10,25
SKU-0038,2025-05-11,20
SKU-0038,2025-05-12,19
SKU-0038,2025-05-13,11
SKU-0038,2025-05-14,18
SKU-0038,2025-05-15,27
SKU-0038,2025-05-16,58
SKU-0038,2025-05-17,16
SKU-0038,2025-05-18,10
SKU-0038,2025-05-19,25
SKU-0038,2025-05-20,54
SKU-0038,2025-05-21,10
SKU-0038,2025-05-22,41
SKU-0038,2025-05-23,36
SKU-0038,2025-05-24,16
SKU-0038,2025-05-25,18
SKU-0038,2025-05-26,14
SKU-0038,2025-05-27,19
SKU-0038,2025-05-28,16
SKU-0038,2025-05-29,19
SKU-0038,2025-05-30,40
SKU-0038,2025-05-31,25
SKU-0038,2025-06-01,12
SKU-0038,2025-06-02,31
SKU-0038,2025-06-03,9
SKU-0038,2025-06-04,12
SKU-0038,2025-06-05,7
SKU-0038,2025-06-06,12
SKU-0038,2025-06-07,18
SKU-0038,2025-06-08,34
SKU-0038,2025-06-09,7
SKU-0038,2025-06-10,9
SKU-0038,2025-06-11,12
SKU-0038,2025-06-12,48
SKU-0038,2025-06-13,7
SKU-0038,2025-06-14,10
SKU-0038,2025-06-15,8
SKU-0038,2025-06-16,8
SKU-0038,2025-06-17,25
SKU-0038,2025-06-18,13
SKU-0038,2025-06-19,9
SKU-0038,2025-06-20,17
SKU-0038,2025-06-21,12
SKU-0038,2025-06-22,9
SKU-0038,2025-06-23,11
SKU-0038,2025-06-24,10
SKU-0038,2025-06-25,15
SKU-0038,2025-06-26,23
SKU-0038,2025-06-27,9
SKU-0038,2025-06-28,12
SKU-0038,2025-06-29,17
SKU-0039,2025-01-01,3
SKU-0039,2025-01-02,12
SKU-0039,2025-01-03,7
SKU-0039,2025-01-04,5
SKU-0039,2025-01-05,5
SKU-0039,2025-01-06,20
SKU-0039,2025-01-07,5
SKU-0039,2025-01-08,4
SKU-0039,2025-01-09,5
SKU-0039,2025-01-10,4
SKU-0039,2025-01-11,16
SKU-0039,2025-01-12,5
SKU-0039,2025-01-13,3
SKU-0039,2025-01-14,9
SKU-0039,2025-01-15,5
SKU-0039,2025-01-16,7
SKU-0039,2025-01-17,5
SKU-0039,2025-01-18,6
SKU-0039,2025-01-19,6
SKU-0039,2025-01-20,5
SKU-0039,2025-01-21,4
SKU-0039,2025-01-22,5
SKU-0039,2025-01-23,6
SKU-0039,2025-01-24,16
SKU-0039,2025-01-25,5
SKU-0039,2025-01-26,4
SKU-0039,2025-01-27,4
SKU-0039,2025-01-28,4
SKU-0039,2025-01-29,12
SKU-0039,2025-01-30,5
SKU-0039,2025-01-31,5
SKU-0039,2025-02-01,4
SKU-0039,2025-02-02,4
SKU-0039,2025-02-03,2
SKU-0039,2025-02-04,4
SKU-0039,2025-02-05,3
SKU-0039,2025-02-06,3
SKU-0039,2025-02-07,5
SKU-0039,2025-02-08,4
SKU-0039,2025-02-09,3
SKU-0039,2025-02-10,3
SKU-0039,2025-02-11,3
SKU-0039,2025-02-12,4
SKU-0039,2025-02-13,10
SKU-0039,2025-02-14,2
SKU-0039,2025-02-15,2
SKU-0039,2025-02-16,3
SKU-0039,2025-02-17,3
SKU-0039,2025-02-18,5
SKU-0039,2025-02-19,3
SKU-0039,2025-02-20,3
SKU-0039,2025-02-21,3
SKU-0039,2025-02-22,10
SKU-0039,2025-02-23,3
SKU-0039,2025-02-24,4
SKU-0039,2025-02-25,3
SKU-0039,2025-02-26,3
SKU-0039,2025-02-27,3
SKU-0039,2025-02-28,5
SKU-0039,2025-03-01,4
SKU-0039,2025-03-02,5
SKU-0039,2025-03-03,6
SKU-0039,2025-03-04,10
SKU-0039,2025-03-05,1
SKU-0039,2025-03-06,6
SKU-0039,2025-03-07,4
SKU-0039,2025-03-08,4
SKU-0039,2025-03-09,12
SKU-0039,2025-03-10,4
SKU-0039,2025-03-11,7
SKU-0039,2025-03-12,5
SKU-0039,2025-03-13,7
SKU-0039,2025-03-14,6
SKU-0039,2025-03-15,5
SKU-0039,2025-03-16,5
SKU-0039,2025-03-17,6
SKU-0039,2025-03-18,6
SKU-0039,2025-03-19,6
SKU-0039,2025-03-20,5
SKU-0039,2025-03-21,5
SKU-0039,2025-03-22,6
SKU-0039,2025-03-23,13
SKU-0039,2025-03-24,3
SKU-0039,2025-03-25,11
SKU-0039,2025-03-26,13
SKU-0039,2025-03-27,16
SKU-0039,2025-03-28,17
SKU-0039,2025-03-29,3
SKU-0039,2025-03-30,4
SKU-0039,2025-03-31,4
SKU-0039,2025-04-01,5
SKU-0039,2025-04-02,10
SKU-0039,2025-04-03,3
SKU-0039,2025-04-04,7
SKU-0039,2025-04-05,4
SKU-0039,2025-04-06,3
SKU-0039,2025-04-07,3
SKU-0039,2025-04-08,9
SKU-0039,2025-04-09,4
SKU-0039,2025-04-10,7
SKU-0039,2025-04-11,2
SKU-0039,2025-04-12,4
SKU-0039,2025-04-13,3
SKU-0039,2025-04-14,3
SKU-0039,2025-04-15,3
SKU-0039,2025-04-16,3
SKU-0039,2025-04-17,3
SKU-0039,2025-04-18,3
SKU-0039,2025-04-19,4
SKU-0039,2025-04-20,4
SKU-0039,2025-04-21,2
SKU-0039,2025-04-22,4
SKU-0039,2025-04-23,3
SKU-0039,2025-04-24,3
SKU-0039,2025-04-25,3
SKU-0039,2025-04-26,12
SKU-0039,2025-04-27,4
SKU-0039,2025-04-28,10
SKU-0039,2025-04-29,5
SKU-0039,2025-04-30,4
SKU-0039,2025-05-01,3
SKU-0039,2025-05-02,3
SKU-0039,2025-05-03,5
SKU-0039,2025-05-04,4
SKU-0039,2025-05-05,3
SKU-0039,2025-05-06,6
SKU-0039,2025-05-07,4
SKU-0039,2025-05-08,7
SKU-0039,2025-05-09,3
SKU-0039,2025-05-10,5
SKU-0039,2025-05-11,4
SKU-0039,2025-05-12,11
SKU-0039,2025-05-13,4
SKU-0039,2025-05-14,7
SKU-0039,2025-05-15,5
SKU-0039,2025-05-16,4
SKU-0039,2025-05-17,3
SKU-0039,2025-05-18,3
SKU-0039,2025-05-19,4
SKU-0039,2025-05-20,13
SKU-0039,2025-05-21,14
SKU-0039,2025-05-22,2
SKU-0039,2025-05-23,5
SKU-0039,2025-05-24,6
SKU-0039,2025-05-25,19
SKU-0039,2025-05-26,2
SKU-0039,2025-05-27,3
SKU-0039,2025-05-28,3
SKU-0039,2025-05-29,4
SKU-0039,2025-05-30,3
SKU-0039,2025-05-31,5
SKU-0039,2025-06-01,4
SKU-0039,2025-06-02,3
SKU-0039,2025-06-03,5
SKU-0039,2025-06-04,3
SKU-0039,2025-06-05,4
SKU-0039,2025-06-06,3
SKU-0039,2025-06-07,2
SKU-0039,2025-06-08,3
SKU-0039,2025-06-09,5
SKU-0039,2025-06-10,3
SKU-0039,2025-06-11,3
SKU-0039,2025-06-12,2
SKU-0039,2025-06-13,3
SKU-0039,2025-06-14,5
SKU-0039,2025-06-15,2
SKU-0039,2025-06-16,2
SKU-0039,2025-06-17,13
SKU-0039,2025-06-18,4
SKU-0039,2025-06-19,8
SKU-0039,2025-06-20,2
SKU-0039,2025-06-21,2
SKU-0039,2025-06-22,3
SKU-0039,2025-06-23,3
SKU-0039,2025-06-24,4
SKU-0039,2025-06-25,4
SKU-0039,2025-06-26,3
SKU-0039,2025-06-27,13
SKU-0039,2025-06-28,3
SKU-0039,2025-06-29,4
SKU-0040,2025-01-01,3
SKU-0040,2025-01-02,3
SKU-0040,2025-01-03,5
SKU-0040,2025-01-04,11
SKU-0040,2025-01-05,5
SKU-0040,2025-01-06,5
SKU-0040,2025-01-07,3
SKU-0040,2025-01-08,4
SKU-0040,2025-01-09,12
SKU-0040,2025-01-10,3
SKU-0040,2025-01-11,4
SKU-0040,2025-01-12,5
SKU-0040,2025-01-13,4
SKU-0040,2025-01-14,4
SKU-0040,2025-01-15,4
SKU-0040,2025-01-16,7
SKU-0040,2025-01-17,2
SKU-0040,2025-01-18,5
SKU-0040,2025-01-19,4
SKU-0040,2025-01-20,4
SKU-0040,2025-01-21,4
SKU-0040,2025-01-22,14
SKU-0040,2025-01-23,5
SKU-0040,2025-01-24,12
SKU-0040,2025-01-25,15
SKU-0040,2025-01-26,5
SKU-0040,2025-01-27,4
SKU-0040,2025-01-28,3
SKU-0040,2025-01-29,4
SKU-0040,2025-01-30,4
SKU-0040,2025-01-31,3
SKU-0040,2025-02-01,2
SKU-0040,2025-02-02,2
SKU-0040,2025-02-03,3
SKU-0040,2025-02-04,9
SKU-0040,2025-02-05,2
SKU-0040,2025-02-06,10
SKU-0040,2025-02-07,3
SKU-0040,2025-02-08,10
SKU-0040,2025-02-09,3
SKU-0040,2025-02-10,2
SKU-0040,2025-02-11,3
SKU-0040,2025-02-12,8
SKU-0040,2025-02-13,2
SKU-0040,2025-02-14,1
SKU-0040,2025-02-15,7
SKU-0040,2025-02-16,2
SKU-0040,2025-02-17,3
SKU-0040,2025-02-18,2
SKU-0040,2025-02-19,10
SKU-0040,2025-02-20,3
SKU-0040,2025-02-21,3
SKU-0040,2025-02-22,4
SKU-0040,2025-02-23,2
SKU-0040,2025-02-24,3
SKU-0040,2025-02-25,8
SKU-0040,2025-02-26,2
SKU-0040,2025-02-27,10
SKU-0040,2025-02-28,2
SKU-0040,2025-03-01,9
SKU-0040,2025-03-02,4
SKU-0040,2025-03-03,10
SKU-0040,2025-03-04,3
SKU-0040,2025-03-05,5
SKU-0040,2025-03-06,4
SKU-0040,2025-03-07,3
SKU-0040,2025-03-08,3
SKU-0040,2025-03-09,3
SKU-0040,2025-03-10,14
SKU-0040,2025-03-11,13
SKU-0040,2025-03-12,5
SKU-0040,2025-03-13,4
SKU-0040,2025-03-14,3
SKU-0040,2025-03-15,5
SKU-0040,2025-03-16,4
SKU-0040,2025-03-17,14
SKU-0040,2025-03-18,8
SKU-0040,2025-03-19,11
SKU-0040,2025-03-20,5
SKU-0040,2025-03-21,10
SKU-0040,2025-03-22,5
SKU-0040,2025-03-23,2
SKU-0040,2025-03-24,3
SKU-0040,2025-03-25,4
SKU-0040,2025-03-26,6
SKU-0040,2025-03-27,8
SKU-0040,2025-03-28,4
SKU-0040,2025-03-29,5
SKU-0040,2025-03-30,9
SKU-0040,2025-03-31,3
SKU-0040,2025-04-01,10
SKU-0040,2025-04-02,6
SKU-0040,2025-04-03,3
SKU-0040,2025-04-04,4
SKU-0040,2025-04-05,3
SKU-0040,2025-04-06,3
SKU-0040,2025-04-07,3
SKU-0040,2025-04-08,3
SKU-0040,2025-04-09,3
SKU-0040,2025-04-10,2
SKU-0040,2025-04-11,3
SKU-0040,2025-04-12,9
SKU-0040,2025-04-13,8
SKU-0040,2025-04-14,2
SKU-0040,2025-04-15,2
SKU-0040,2025-04-16,2
SKU-0040,2025-04-17,2
SKU-0040,2025-04-18,1
SKU-0040,2025-04-19,3
SKU-0040,2025-04-20,10
SKU-0040,2025-04-21,3
SKU-0040,2025-04-22,6
SKU-0040,2025-04-23,6
SKU-0040,2025-04-24,3
SKU-0040,2025-04-25,3
SKU-0040,2025-04-26,3
SKU-0040,2025-04-27,3
SKU-0040,2025-04-28,4
SKU-0040,2025-04-29,2
SKU-0040,2025-04-30,3
SKU-0040,2025-05-01,9
SKU-0040,2025-05-02,3
SKU-0040,2025-05-03,4
SKU-0040,2025-05-04,5
SKU-0040,2025-05-05,15
SKU-0040,2025-05-06,4
SKU-0040,2025-05-07,4
SKU-0040,2025-05-08,4
SKU-0040,2025-05-09,7
SKU-0040,2025-05-10,6
SKU-0040,2025-05-11,4
SKU-0040,2025-05-12,5
SKU-0040,2025-05-13,5
SKU-0040,2025-05-14,3
SKU-0040,2025-05-15,3
SKU-0040,2025-05-16,6
SKU-0040,2025-05-17,14
SKU-0040,2025-05-18,4
SKU-0040,2025-05-19,4
SKU-0040,2025-05-20,5
SKU-0040,2025-05-21,5
SKU-0040,2025-05-22,8
SKU-0040,2025-05-23,6
SKU-0040,2025-05-24,5
SKU-0040,2025-05-25,4
SKU-0040,2025-05-26,8
SKU-0040,2025-05-27,5
SKU-0040,2025-05-28,4
SKU-0040,2025-05-29,2
SKU-0040,2025-05-30,3
SKU-0040,2025-05-31,6
SKU-0040,2025-06-01,3
SKU-0040,2025-06-02,2
SKU-0040,2025-06-03,2
SKU-0040,2025-06-04,4
SKU-0040,2025-06-05,10
SKU-0040,2025-06-06,4
SKU-0040,2025-06-07,8
SKU-0040,2025-06-08,3
SKU-0040,2025-06-09,2
SKU-0040,2025-06-10,3
SKU-0040,2025-06-11,3
SKU-0040,2025-06-12,3
SKU-0040,2025-06-13,3
SKU-0040,2025-06-14,2
SKU-0040,2025-06-15,7
SKU-0040,2025-06-16,1
SKU-0040,2025-06-17,3
SKU-0040,2025-06-18,3
SKU-0040,2025-06-19,2
SKU-0040,2025-06-20,2
SKU-0040,2025-06-21,9
SKU-0040,2025-06-22,4
SKU-0040,2025-06-23,9
SKU-0040,2025-06-24,4
SKU-0040,2025-06-25,3
SKU-0040,2025-06-26,3
SKU-0040,2025-06-27,3
SKU-0040,2025-06-28,2
SKU-0040,2025-06-29,12
